match_id,game_date,game_duration,blue_top,blue_jungle,blue_mid,blue_adc,blue_support,red_top,red_jungle,red_mid,red_adc,red_support,winner,red_win_prob,blue_win_prob
KR_7571681247,2025-03-23 17:05:27.552,15.87,5,146,12,81,30,98,147,13,32,89,Blue,0.29559507966041565,0.7044049203395844
KR_7571647391,2025-03-23 16:18:17.604,30.3,51,146,13,20,18,34,154,148,28,99,Red,0.775863528251648,0.22413647174835205
KR_7571553795,2025-03-23 15:00:11.440,25.73,0,85,153,32,98,142,41,51,55,69,Red,0.5856313109397888,0.4143686890602112
KR_7571508665,2025-03-23 14:27:56.995,26.68,2,104,44,161,89,41,117,126,32,57,Blue,0.09982726722955704,0.900172732770443
KR_7571411934,2025-03-23 13:34:31.628,33.35,51,146,1,55,105,111,130,137,32,102,Blue,0.2073461413383484,0.7926538586616516
KR_7564453360,2025-03-17 17:07:06.133,38.22,156,147,111,28,126,23,92,13,32,69,Red,0.9983296990394592,0.0016703009605407715
KR_7571690056,2025-03-23 17:16:38.904,18.95,110,32,52,44,126,34,147,29,72,88,Red,0.7686527967453003,0.2313472032546997
KR_7570317409,2025-03-22 19:06:19.200,23.93,141,29,85,96,98,87,70,46,161,69,Red,0.7225427031517029,0.2774572968482971
KR_7570143462,2025-03-22 16:07:05.006,23.07,51,77,13,20,114,34,146,145,55,4,Red,0.9183691740036011,0.08163082599639893
KR_7567509009,2025-03-20 16:29:30.202,24.37,54,154,79,55,164,132,85,156,32,114,Blue,0.04317323863506317,0.9568267613649368
KR_7567292226,2025-03-20 13:40:33.730,44.03,94,104,35,141,57,2,113,126,52,74,Blue,0.1017090305685997,0.8982909694314003
KR_7568684897,2025-03-21 16:34:55.528,18.98,41,113,85,32,18,2,146,5,55,48,Blue,0.5804891586303711,0.4195108413696289
KR_7568627863,2025-03-21 15:54:42.694,26.73,51,113,85,10,30,7,130,72,162,14,Red,0.4097139537334442,0.5902860462665558
KR_7568577019,2025-03-21 15:19:48.961,23.15,51,47,126,28,99,5,49,2,32,7,Blue,0.2790614068508148,0.7209385931491852
KR_7571718905,2025-03-23 18:32:03.482,34.1,41,113,123,32,4,5,85,35,55,102,Blue,0.36661434173583984,0.6333856582641602
KR_7571703286,2025-03-23 17:44:36.240,25.77,21,63,28,67,39,5,160,12,141,14,Blue,0.20465540885925293,0.7953445911407471
KR_7568770728,2025-03-21 18:01:12.822,36.87,38,85,79,141,99,27,146,7,55,88,Blue,0.48122912645339966,0.5187708735466003
KR_7568709807,2025-03-21 16:54:21.280,34.07,110,104,2,68,114,54,85,134,162,99,Red,0.345382422208786,0.654617577791214
KR_7568674976,2025-03-21 16:27:33.275,17.83,41,68,129,32,69,50,147,164,55,105,Red,0.31467071175575256,0.6853292882442474
KR_7563429724,2025-03-16 17:09:43.614000,22.07,107,165,147,141,98,5,29,156,52,77,Red,0.33639439940452576,0.6636056005954742
KR_7563413334,2025-03-16 16:39:13.709000,16.07,51,147,126,134,4,161,29,129,32,105,Blue,0.4280496835708618,0.5719503164291382
KR_7563387443,2025-03-16 16:11:12.596000,15.23,113,29,24,52,88,94,25,127,141,57,Blue,0.4170779883861542,0.5829220116138458
KR_7571667403,2025-03-23 16:43:16.735000,19.77,5,85,95,24,126,77,154,156,11,69,Blue,0.23488503694534302,0.765114963054657
KR_7571619943,2025-03-23 15:58:02.932000,36.03,21,40,57,11,98,39,82,129,24,14,Blue,0.5813634395599365,0.4186365604400635
KR_7566431765,2025-03-19 15:35:44.457000,33.82,41,68,12,9,39,5,147,111,52,4,Red,0.456067830324173,0.543932169675827
KR_7568994493,2025-03-22 03:16:48.680000,27.77,0,130,145,134,88,39,97,60,32,105,Blue,0.368117094039917,0.631882905960083
KR_7568967039,2025-03-22 02:38:41.410000,25.28,136,147,54,24,99,2,104,100,134,30,Red,0.7450394630432129,0.2549605369567871
KR_7569447924,2025-03-22 09:30:38.808000,15.67,62,129,155,52,105,149,146,95,24,4,Red,0.6348916888237,0.36510831117630005
KR_7568111631,2025-03-21 10:57:45.113000,22.35,22,68,73,24,86,75,147,13,20,33,Red,0.9488831162452698,0.051116883754730225
KR_7565216112,2025-03-18 13:18:02.269000,15.23,51,146,12,24,4,0,58,44,134,105,Blue,0.3142176866531372,0.6857823133468628
KR_7571356362,2025-03-23 13:01:06.026000,25.52,92,82,129,10,18,34,146,13,24,97,Blue,0.6661770939826965,0.33382290601730347
KR_7570641718,2025-03-23 05:28:04.203000,27.67,5,41,24,9,4,111,85,156,141,77,Red,0.6751323938369751,0.3248676061630249
KR_7562075491,2025-03-15 22:48:53.279000,29.28,34,146,26,55,74,54,42,79,10,18,Blue,0.2849300503730774,0.7150699496269226
KR_7562061961,2025-03-15 21:53:37.643000,25.53,73,42,164,53,69,5,68,26,55,89,Red,0.32381731271743774,0.6761826872825623
KR_7562041794,2025-03-15 20:15:54.799000,32.53,96,25,76,52,89,51,42,153,125,114,Red,0.9355707764625549,0.06442922353744507
KR_7561985736,2025-03-15 18:18:30.892000,1.78,5,147,13,141,88,21,42,156,121,30,Blue,0.5644580125808716,0.4355419874191284
KR_7553892434,2025-03-08 22:58:31.802000,23.78,21,97,13,55,35,107,42,129,141,89,Blue,0.7200506329536438,0.2799493670463562
KR_7564418996,2025-03-17 16:23:37.624000,27.0,0,146,126,32,164,21,68,13,24,114,Red,0.3517807722091675,0.6482192277908325
KR_7564384955,2025-03-17 15:44:45.009000,29.93,134,130,95,52,14,110,49,46,10,79,Blue,0.0546804815530777,0.9453195184469223
KR_7564371220,2025-03-17 15:24:06.790000,15.5,0,92,74,134,98,159,146,129,81,4,Red,0.6759355664253235,0.3240644335746765
KR_7564312884,2025-03-17 14:44:03.689000,22.17,50,150,129,141,14,5,40,73,52,74,Blue,0.2807975113391876,0.7192024886608124
KR_7558001298,2025-03-12 13:37:18.627000,28.75,94,15,126,32,57,46,93,7,134,97,Red,0.4900914430618286,0.5099085569381714
KR_7557227498,2025-03-11 16:27:32.258000,29.53,51,97,153,24,102,110,150,156,10,115,Red,0.4851095676422119,0.5148904323577881
KR_7557205075,2025-03-11 15:55:02.144000,22.05,110,64,35,32,57,50,146,1,55,99,Blue,0.5463480353355408,0.45365196466445923
KR_7556278216,2025-03-10 17:48:00.987000,23.13,34,165,134,121,4,38,108,12,55,97,Blue,0.6234590411186218,0.3765409588813782
KR_7556215847,2025-03-10 16:12:52.443000,38.25,51,15,164,24,4,141,108,2,53,133,Red,0.5172975063323975,0.48270249366760254
KR_7570234988,2025-03-22 17:21:50.648000,15.73,39,165,5,55,69,51,85,35,162,99,Blue,0.5084103941917419,0.49158960580825806
KR_7569426799,2025-03-22 09:13:55.491000,28.07,51,147,149,32,14,46,154,126,79,57,Red,0.27850160002708435,0.7214983999729156
KR_7569362546,2025-03-22 08:25:27.431000,23.12,5,108,12,32,14,41,165,24,10,18,Blue,0.4160802364349365,0.5839197635650635
KR_7565230807,2025-03-18 13:30:23.696000,23.17,41,147,11,24,114,50,68,12,56,4,Blue,0.16361641883850098,0.836383581161499
KR_7565180243,2025-03-18 12:58:00.645000,18.83,54,165,24,32,114,90,147,13,52,69,Red,0.7264952063560486,0.2735047936439514
KR_7568527375,2025-03-21 14:54:31.666000,20.42,34,104,164,134,98,41,113,51,55,99,Blue,0.23351246118545532,0.7664875388145447
KR_7568485026,2025-03-21 14:31:51.406000,15.38,34,147,35,134,69,51,146,129,55,99,Blue,0.49362117052078247,0.5063788294792175
KR_7570325132,2025-03-22 19:19:46.257000,26.53,5,108,22,52,105,107,130,125,32,102,Red,0.6147894263267517,0.3852105736732483
KR_7568585616,2025-03-21 15:27:39.036000,30.47,96,147,35,81,114,126,64,12,32,99,Red,0.4868941605091095,0.5131058394908905
KR_7568500906,2025-03-21 14:42:59.464000,24.35,92,160,1,134,99,51,146,13,55,89,Red,0.7639840841293335,0.2360159158706665
KR_7565930490,2025-03-19 09:22:21.946000,20.77,92,104,95,43,114,51,85,149,161,73,Red,0.6095289587974548,0.39047104120254517
KR_7561994981,2025-03-15 18:35:14.053000,33.58,51,146,111,32,99,110,68,13,10,57,Blue,0.34696972370147705,0.653030276298523
KR_7561955888,2025-03-15 17:43:41.387000,40.43,51,33,24,141,102,54,165,149,52,4,Red,0.2959495484828949,0.7040504515171051
KR_7561938433,2025-03-15 17:22:17.097000,2.27,51,147,1,10,57,54,68,13,32,89,Blue,0.5194169878959656,0.4805830121040344
KR_7561898924,2025-03-15 16:51:43.328000,15.5,51,68,12,56,114,5,25,149,32,57,Blue,0.34825146198272705,0.651748538017273
KR_7568601106,2025-03-21 15:33:02.373000,15.28,51,30,100,10,97,5,146,164,81,129,Red,0.5112212300300598,0.4887787699699402
KR_7567554202,2025-03-20 17:37:52.830000,16.1,34,68,164,123,122,62,70,160,52,98,Blue,0.20254850387573242,0.7974514961242676
KR_7567538378,2025-03-20 17:14:50.452000,16.45,110,113,13,52,114,35,85,164,81,88,Blue,0.7384791970252991,0.2615208029747009
KR_7567517347,2025-03-20 16:43:06.617000,15.62,110,64,164,141,128,41,146,79,24,99,Red,0.9203842282295227,0.0796157717704773
KR_7569539808,2025-03-22 10:37:13.863000,20.37,36,64,35,53,89,151,113,46,52,14,Red,0.4469895362854004,0.5530104637145996
KR_7569474157,2025-03-22 09:43:46.769000,29.05,110,108,46,138,122,34,15,2,134,105,Blue,0.4482860863208771,0.5517139136791229
KR_7567704711,2025-03-21 02:59:52.606000,28.9,36,97,12,52,57,5,41,46,10,73,Red,0.799362063407898,0.20063793659210205
KR_7566894999,2025-03-20 08:28:13.158000,23.22,120,70,46,10,88,41,113,160,134,115,Blue,0.31081533432006836,0.6891846656799316
KR_7566851406,2025-03-20 07:32:42.992000,34.17,5,70,46,52,39,96,154,111,141,67,Blue,0.15397273004055023,0.8460272699594498
KR_7567418004,2025-03-20 15:03:28.577000,21.23,110,68,85,53,57,38,98,13,52,89,Red,0.7152462005615234,0.28475379943847656
KR_7567375892,2025-03-20 14:40:31.603000,15.85,65,159,160,141,88,51,104,85,79,105,Red,0.30916842818260193,0.6908315718173981
KR_7567313474,2025-03-20 13:56:35.897000,33.72,41,97,22,52,77,51,85,148,141,69,Red,0.8323142528533936,0.16768574714660645
KR_7567213465,2025-03-20 12:58:03.720000,20.43,54,130,22,7,21,110,159,155,52,14,Blue,0.5403932929039001,0.45960670709609985
KR_7567151488,2025-03-20 12:19:36.103000,15.4,97,113,13,28,133,41,68,12,55,16,Red,0.3247687816619873,0.6752312183380127
KR_7566532496,2025-03-19 17:51:05.014000,16.65,110,160,35,55,102,5,146,12,10,106,Blue,0.3459826409816742,0.6540173590183258
KR_7565780090,2025-03-19 06:31:41.238000,27.13,0,90,130,55,88,119,68,95,32,77,Red,0.6998125910758972,0.3001874089241028
KR_7565756596,2025-03-19 06:03:44.332000,15.27,41,122,24,55,4,51,90,85,52,88,Blue,0.40605008602142334,0.5939499139785767
KR_7565725918,2025-03-19 05:25:14.175000,29.5,25,98,13,121,33,149,122,129,32,114,Blue,0.5082734227180481,0.4917265772819519
KR_7565704608,2025-03-19 04:51:50.211000,24.27,46,40,148,141,33,51,90,156,134,4,Blue,0.21946501731872559,0.7805349826812744
KR_7570904088,2025-03-23 08:23:21.701000,40.75,45,160,13,32,164,36,147,35,141,57,Red,0.9961944818496704,0.00380551815032959
KR_7570813903,2025-03-23 07:29:52.856000,15.2,39,26,156,10,115,36,90,130,24,77,Red,0.7218336462974548,0.27816635370254517
KR_7570752369,2025-03-23 06:44:58.372000,28.22,151,85,79,134,57,108,29,148,112,97,Blue,0.5201379656791687,0.4798620343208313
KR_7570718020,2025-03-23 06:17:31.487000,17.18,41,85,126,20,14,2,146,29,141,57,Red,0.8093365430831909,0.19066345691680908
KR_7570614646,2025-03-23 05:05:22.138000,31.53,36,147,60,55,88,51,63,62,10,106,Blue,0.5610972046852112,0.4389027953147888
KR_7571778596,2025-03-23 23:19:50.769000,20.88,116,49,26,10,115,41,42,145,20,102,Blue,0.6373645663261414,0.36263543367385864
KR_7571362267,2025-03-23 13:04:21.123000,18.32,39,68,111,24,88,109,108,2,9,67,Blue,0.38650909066200256,0.6134909093379974
KR_7569829324,2025-03-22 13:23:49.076000,28.58,41,146,46,161,102,50,85,12,134,4,Blue,0.5096331238746643,0.4903668761253357
KR_7567762760,2025-03-21 04:46:52.183000,22.73,51,97,148,20,89,101,15,60,52,102,Blue,0.234167218208313,0.765832781791687
KR_7566772393,2025-03-20 05:46:54.235000,19.95,50,42,2,24,77,41,147,67,52,14,Blue,0.17153871059417725,0.8284612894058228
KR_7561192183,2025-03-15 10:10:40.619000,30.2,149,68,143,32,4,0,42,44,10,88,Red,0.7611883282661438,0.2388116717338562
KR_7561131552,2025-03-15 09:28:06.642000,25.83,149,25,134,20,30,12,108,35,32,57,Red,0.9560476541519165,0.043952345848083496
KR_7557947282,2025-03-12 13:05:58.275000,26.13,62,68,164,121,102,140,147,29,32,69,Blue,0.2848184108734131,0.7151815891265869
KR_7555613729,2025-03-10 08:11:48.340000,33.57,34,147,159,32,18,46,104,76,161,105,Red,0.4040480852127075,0.5959519147872925
KR_7554503794,2025-03-09 09:14:37.508000,15.38,110,29,160,10,57,39,40,89,24,86,Blue,0.06275313347578049,0.9372468665242195
KR_7571033489,2025-03-23 09:52:35.186000,24.38,41,130,111,24,4,159,108,26,28,102,Red,0.709385097026825,0.29061490297317505
KR_7570650434,2025-03-23 05:31:56.769000,28.22,5,29,1,32,89,98,104,26,52,74,Red,0.5567758083343506,0.4432241916656494
KR_7568026793,2025-03-21 09:43:49.886000,27.6,41,151,79,81,30,62,27,156,52,125,Red,0.4131379723548889,0.5868620276451111
KR_7568007104,2025-03-21 09:19:04.381000,15.88,73,5,2,81,98,26,147,54,155,102,Blue,0.27024638652801514,0.7297536134719849
KR_7567970918,2025-03-21 08:50:05.366000,20.22,39,98,111,10,77,5,15,26,152,102,Blue,0.4276883900165558,0.5723116099834442
KR_7570216228,2025-03-22 16:57:40.514000,25.23,51,108,148,32,57,0,41,5,55,158,Blue,0.06338148564100266,0.9366185143589973
KR_7567248635,2025-03-20 13:18:16.043000,28.2,92,90,97,10,133,50,130,12,123,16,Blue,0.4506503641605377,0.5493496358394623
KR_7567181710,2025-03-20 12:41:00.298000,27.8,97,154,2,55,73,132,50,44,32,18,Blue,0.0386832021176815,0.9613167978823185
KR_7567109602,2025-03-20 11:50:12.974000,24.15,132,58,100,24,88,41,64,26,141,4,Red,0.9749334454536438,0.0250665545463562
KR_7568632751,2025-03-21 15:57:12.385000,28.5,97,165,134,141,88,41,90,100,112,102,Red,0.44344863295555115,0.5565513670444489
KR_7566068410,2025-03-19 11:28:00.540000,30.13,41,68,85,52,14,5,147,35,141,57,Red,0.583670437335968,0.416329562664032
KR_7564411783,2025-03-17 16:11:29.541000,30.55,21,159,100,32,89,43,93,136,121,124,Blue,0.06444910913705826,0.9355508908629417
KR_7564229559,2025-03-17 13:47:43.571000,25.07,5,90,24,20,4,110,97,100,52,74,Red,0.7245760560035706,0.27542394399642944
KR_7566867379,2025-03-20 07:49:11.707000,17.68,120,146,13,53,73,5,68,111,123,124,Blue,0.10814240574836731,0.8918575942516327
KR_7566838931,2025-03-20 07:20:23.191000,22.63,5,68,126,55,88,41,146,11,32,124,Blue,0.4190351665019989,0.5809648334980011
KR_7566804804,2025-03-20 06:37:50.008000,37.4,5,68,57,9,73,98,90,156,152,102,Blue,0.5032997131347656,0.4967002868652344
KR_7566787342,2025-03-20 06:06:56.198000,22.55,5,68,149,56,89,54,70,147,81,88,Blue,0.554207980632782,0.445792019367218
KR_7566764451,2025-03-20 05:34:53.741000,18.37,46,68,111,56,4,116,147,126,32,98,Red,0.6046556830406189,0.3953443169593811
KR_7571744117,2025-03-23 19:33:44.801000,34.6,54,147,95,52,164,5,90,156,141,30,Red,0.6132935285568237,0.38670647144317627
KR_7571716759,2025-03-23 18:20:18.129000,15.38,136,41,145,20,105,155,147,13,52,89,Blue,0.6410865783691406,0.3589134216308594
KR_7571699893,2025-03-23 17:48:04.532000,15.55,41,146,137,52,115,140,85,126,81,105,Red,0.3563288450241089,0.6436711549758911
KR_7571682273,2025-03-23 17:08:08.561000,28.33,50,98,13,32,143,119,85,1,24,74,Red,0.5805976986885071,0.4194023013114929
KR_7571656838,2025-03-23 16:35:37.824000,22.62,51,146,1,81,99,126,98,67,32,57,Red,0.1806778907775879,0.8193221092224121
KR_7570148727,2025-03-22 16:11:19.942000,16.03,110,82,2,141,106,107,130,137,28,16,Red,0.9642856121063232,0.03571438789367676
KR_7569797379,2025-03-22 13:08:31.132000,38.8,46,85,12,121,98,110,130,13,56,106,Blue,0.025116078555583954,0.974883921444416
KR_7561842619,2025-03-15 16:10:47.864000,27.55,51,110,129,32,18,5,146,1,55,102,Blue,0.5394735932350159,0.46052640676498413
KR_7559169106,2025-03-13 15:44:59.775000,17.87,46,68,126,52,99,50,122,12,32,57,Red,0.6524431705474854,0.34755682945251465
KR_7558752501,2025-03-13 10:56:23.597000,26.1,5,159,13,141,105,62,68,111,28,88,Blue,0.34319525957107544,0.6568047404289246
KR_7569114068,2025-03-22 05:15:21.814000,22.25,107,68,44,32,57,5,147,127,55,105,Blue,0.4283939301967621,0.5716060698032379
KR_7569068267,2025-03-22 04:34:53.364000,26.2,27,165,155,141,73,54,61,12,20,74,Blue,0.015059538185596466,0.9849404618144035
KR_7569025508,2025-03-22 03:51:59.246000,23.93,41,70,156,56,88,155,58,164,32,48,Red,0.7630083560943604,0.23699164390563965
KR_7567040161,2025-03-20 10:52:00.312000,26.52,5,49,12,134,57,97,70,85,52,88,Red,0.8853470087051392,0.11465299129486084
KR_7571298303,2025-03-23 12:30:55.196000,30.57,73,147,57,141,114,41,160,7,24,133,Blue,0.3895580768585205,0.6104419231414795
KR_7571234790,2025-03-23 11:59:05.547000,26.22,54,64,35,72,163,109,108,12,55,102,Red,0.8498266339302063,0.1501733660697937
KR_7571181088,2025-03-23 11:26:19.994000,26.45,51,108,153,134,163,73,154,95,24,30,Red,0.9456799626350403,0.05432003736495972
KR_7570984220,2025-03-23 09:16:48.715000,1.67,51,39,85,32,33,41,15,100,24,163,Red,0.057621777057647705,0.9423782229423523
KR_7570914402,2025-03-23 08:32:05.230000,19.68,108,147,126,20,30,5,113,155,55,39,Red,0.8348278403282166,0.16517215967178345
KR_7571723929,2025-03-23 18:50:37.803000,15.77,54,147,2,141,89,41,61,156,148,30,Blue,0.4211973249912262,0.5788026750087738
KR_7571719048,2025-03-23 18:13:16.429000,26.9,36,68,35,81,102,50,165,3,55,105,Blue,0.20445095002651215,0.7955490499734879
KR_7571698026,2025-03-23 17:28:10.004000,23.53,45,92,148,10,102,41,154,2,141,73,Red,0.9949466586112976,0.005053341388702393
KR_7571643566,2025-03-23 16:18:19.914000,39.32,39,130,111,32,57,0,70,100,23,114,Red,0.9977491497993469,0.002250850200653076
KR_7570899416,2025-03-23 08:22:03.063000,28.03,54,85,111,152,77,34,108,79,55,105,Blue,0.21617603302001953,0.7838239669799805
KR_7570842500,2025-03-23 07:45:45.191000,30.4,0,70,136,138,69,36,93,2,141,133,Red,0.4851154088973999,0.5148845911026001
KR_7568399794,2025-03-21 13:52:01.732000,28.55,0,147,12,10,57,156,68,51,79,89,Red,0.3047250509262085,0.6952749490737915
KR_7567973191,2025-03-21 08:46:15.897000,28.8,0,160,8,134,105,156,159,155,52,57,Red,0.5573893189430237,0.4426106810569763
KR_7571092492,2025-03-23 10:33:04.114000,18.57,116,90,156,55,4,51,108,13,9,133,Red,0.6636582612991333,0.3363417387008667
KR_7571018789,2025-03-23 09:44:16.019000,23.25,50,90,46,24,77,41,147,95,9,4,Blue,0.24718067049980164,0.7528193295001984
KR_7570929907,2025-03-23 08:45:11.062000,15.17,119,130,2,52,57,25,90,46,32,102,Red,0.5650823712348938,0.4349176287651062
KR_7570854381,2025-03-23 07:52:08.854000,32.45,139,68,145,55,89,38,154,125,134,57,Red,0.9877744317054749,0.012225568294525146
KR_7569518698,2025-03-22 10:22:04.149000,30.17,51,90,67,134,102,54,108,148,11,4,Red,0.9211022257804871,0.07889777421951294
KR_7565461126,2025-03-18 16:23:32.768000,24.73,50,154,79,32,98,118,92,7,55,69,Red,0.6819451451301575,0.31805485486984253
KR_7565419755,2025-03-18 15:44:07.251000,29.68,51,25,144,32,30,5,159,7,52,164,Blue,0.20205377042293549,0.7979462295770645
KR_7565402016,2025-03-18 15:21:21.857000,15.42,151,5,13,162,99,149,25,95,9,88,Blue,0.046719469130039215,0.9532805308699608
KR_7565097145,2025-03-18 12:06:53.699000,15.6,110,25,1,134,89,155,90,126,55,69,Red,0.7100891470909119,0.28991085290908813
KR_7565003269,2025-03-18 11:02:46.775000,30.53,7,68,12,81,88,92,90,24,20,30,Red,0.47490811347961426,0.5250918865203857
KR_7570756494,2025-03-23 06:47:49.269000,26.6,107,70,136,24,133,54,108,2,28,99,Blue,0.07232581824064255,0.9276741817593575
KR_7569898528,2025-03-22 13:58:44.077000,31.78,41,82,126,32,105,54,146,2,55,18,Blue,0.5573660135269165,0.4426339864730835
KR_7568839397,2025-03-21 20:42:20.868000,26.32,62,42,26,123,98,34,113,126,55,30,Blue,0.08817888796329498,0.911821112036705
KR_7568828176,2025-03-21 19:52:26.694000,27.22,41,90,51,32,57,156,147,129,81,73,Blue,0.45955196022987366,0.5404480397701263
KR_7568045305,2025-03-21 09:56:50.975000,18.37,41,130,129,10,30,62,98,5,52,88,Blue,0.4067806899547577,0.5932193100452423
KR_7569030655,2025-03-22 03:59:44.152000,32.63,62,130,95,9,105,92,159,12,52,163,Blue,0.366241455078125,0.633758544921875
KR_7568932516,2025-03-22 01:51:44.832000,26.2,41,68,67,141,97,118,70,160,3,164,Blue,0.4253040552139282,0.5746959447860718
KR_7568878880,2025-03-22 00:17:37.444000,28.32,98,146,1,55,16,126,130,149,152,4,Red,0.7148124575614929,0.2851875424385071
KR_7571731943,2025-03-23 19:15:15.507000,31.93,134,70,95,161,105,51,165,72,141,4,Red,0.7021265029907227,0.29787349700927734
KR_7571715635,2025-03-23 18:16:14.533000,23.65,100,147,129,20,57,43,160,164,52,48,Red,0.5878459215164185,0.41215407848358154
KR_7571697708,2025-03-23 17:35:46.959000,22.87,21,154,13,52,57,5,64,35,32,89,Red,0.7744243144989014,0.22557568550109863
KR_7571409165,2025-03-23 13:29:45.461000,22.17,51,147,111,55,126,5,82,145,134,57,Blue,0.2818126976490021,0.7181873023509979
KR_7571369022,2025-03-23 13:07:24.325000,15.35,39,85,7,141,105,41,92,153,55,98,Red,0.5796892046928406,0.4203107953071594
KR_7571308701,2025-03-23 12:37:39.894000,20.95,41,29,156,52,30,51,78,13,32,88,Blue,0.6110284328460693,0.38897156715393066
KR_7571259668,2025-03-23 12:13:09.713000,18.3,110,130,149,52,33,5,58,51,32,114,Blue,0.8031061887741089,0.1968938112258911
KR_7571197124,2025-03-23 11:34:28.997000,26.3,51,64,5,79,57,41,146,127,32,102,Blue,0.5430218577384949,0.4569781422615051
KR_7568269146,2025-03-21 12:42:11.828000,27.5,110,159,155,81,105,149,42,1,123,4,Blue,0.9334337711334229,0.06656622886657715
KR_7568188817,2025-03-21 11:56:27.557000,26.57,41,90,147,134,88,34,40,12,10,4,Red,0.45429304242134094,0.5457069575786591
KR_7566873119,2025-03-20 07:53:37.405000,38.15,41,160,126,141,89,62,68,12,52,98,Blue,0.6014678478240967,0.3985321521759033
KR_7566806920,2025-03-20 06:39:34.590000,27.45,39,130,13,10,30,156,70,51,56,124,Blue,0.04035479947924614,0.9596452005207539
KR_7570580466,2025-03-23 04:34:00.450000,25.6,25,129,164,141,102,39,90,85,138,89,Red,0.46416524052619934,0.5358347594738007
KR_7570537492,2025-03-23 03:51:24.834000,27.47,22,64,129,28,105,41,68,100,66,106,Blue,0.0004464085213840008,0.999553591478616
KR_7570497459,2025-03-23 03:05:44.857000,27.05,21,15,12,141,88,98,146,126,28,133,Blue,0.6731865406036377,0.3268134593963623
KR_7564542538,2025-03-17 22:43:29.257000,28.97,94,147,153,134,88,142,150,12,52,62,Blue,0.9097099304199219,0.09029006958007812
KR_7558295868,2025-03-12 20:20:40.816000,28.13,94,165,160,32,18,12,15,130,10,77,Blue,0.40712589025497437,0.5928741097450256
KR_7568589003,2025-03-21 15:26:39.381000,24.32,41,68,44,152,102,155,104,127,141,105,Red,0.585325300693512,0.41467469930648804
KR_7568442065,2025-03-21 14:09:49.407000,24.57,50,159,164,141,97,36,130,7,28,21,Red,0.45134615898132324,0.5486538410186768
KR_7568339120,2025-03-21 13:18:10.240000,23.52,25,130,1,81,30,151,85,79,52,164,Blue,0.5867931246757507,0.41320687532424927
KR_7571126294,2025-03-23 10:52:36.165000,32.03,51,165,24,72,133,110,104,130,134,98,Blue,0.34602728486061096,0.653972715139389
KR_7571002001,2025-03-23 09:29:12.360000,29.6,51,165,156,55,126,46,64,79,141,89,Blue,0.39950013160705566,0.6004998683929443
KR_7570934532,2025-03-23 08:46:01.346000,18.58,41,146,35,24,88,50,94,8,134,73,Blue,0.25272879004478455,0.7472712099552155
KR_7571749903,2025-03-23 20:31:26.183000,15.35,34,90,160,32,4,0,147,134,55,129,Blue,0.5613398551940918,0.4386601448059082
KR_7571726561,2025-03-23 18:43:03.299000,15.4,38,113,126,11,69,107,129,5,141,88,Blue,0.3035539984703064,0.6964460015296936
KR_7571703975,2025-03-23 17:58:28.781000,31.15,85,129,24,9,133,140,113,160,55,16,Red,0.2710951268672943,0.7289048731327057
KR_7571685942,2025-03-23 17:21:06.334000,25.15,65,146,12,32,57,41,70,156,52,153,Blue,0.21616919338703156,0.7838308066129684
KR_7570734513,2025-03-23 06:34:25.894000,35.18,116,165,160,125,98,119,147,29,32,77,Blue,0.5977848172187805,0.4022151827812195
KR_7570687403,2025-03-23 05:57:35.453000,29.1,0,61,137,125,120,113,147,2,32,14,Blue,0.488467276096344,0.511532723903656
KR_7570628905,2025-03-23 05:16:09.722000,15.58,51,58,155,72,35,36,93,156,55,99,Blue,0.0700683668255806,0.9299316331744194
KR_7570597597,2025-03-23 04:48:51.307000,20.12,62,146,97,55,114,126,42,89,9,99,Blue,0.2583242654800415,0.7416757345199585
KR_7565152345,2025-03-18 12:43:00.665000,29.42,92,146,44,55,102,94,68,35,79,99,Blue,0.22928567230701447,0.7707143276929855
KR_7561546506,2025-03-15 13:38:14.885000,34.82,50,147,13,32,30,5,68,137,141,99,Blue,0.3116331696510315,0.6883668303489685
KR_7559703593,2025-03-14 09:24:38.673000,27.98,160,146,12,20,30,51,97,35,32,57,Red,0.8194916844367981,0.1805083155632019
KR_7559665671,2025-03-14 08:47:13.893000,30.97,151,68,67,52,99,110,97,160,141,30,Blue,0.4137154221534729,0.5862845778465271
KR_7559638225,2025-03-14 08:15:27.813000,20.77,54,50,67,134,18,110,68,145,24,4,Red,0.7824601531028748,0.21753984689712524
KR_7569411911,2025-03-22 09:03:34.345000,45.67,41,82,126,52,57,50,68,111,161,105,Red,0.5286746621131897,0.4713253378868103
KR_7568765295,2025-03-21 17:47:33.684000,29.98,5,104,129,55,88,38,68,149,32,98,Blue,0.22877110540866852,0.7712288945913315
KR_7568734213,2025-03-21 17:12:50.269000,27.02,5,70,0,28,30,21,146,7,32,88,Blue,0.13008420169353485,0.8699157983064651
KR_7568717375,2025-03-21 16:58:28.872000,2.23,51,147,13,134,99,34,146,1,72,89,Blue,0.826660692691803,0.17333930730819702
KR_7557254031,2025-03-11 16:56:47.575000,21.72,140,58,24,141,99,73,92,156,162,102,Blue,0.5851723551750183,0.4148276448249817
KR_7557068823,2025-03-11 14:12:08.604000,31.37,109,25,13,28,88,111,146,12,53,16,Red,0.13678453862667084,0.8632154613733292
KR_7556149370,2025-03-10 15:05:36.338000,18.4,73,146,149,20,89,54,147,12,52,98,Blue,0.7508806586265564,0.2491193413734436
KR_7555807815,2025-03-10 11:21:27.237000,28.43,140,146,44,32,88,120,70,1,52,4,Red,0.6508907079696655,0.3491092920303345
KR_7553768840,2025-03-08 17:45:19.684000,26.97,107,146,1,55,114,34,97,126,32,30,Red,0.48110488057136536,0.5188951194286346
KR_7569662155,2025-03-22 11:54:50.293000,15.2,116,147,156,81,89,5,90,111,161,102,Blue,0.6546714901924133,0.34532850980758667
KR_7569591616,2025-03-22 11:11:57.793000,33.15,37,49,35,53,73,116,29,127,141,106,Blue,0.10492188483476639,0.8950781151652336
KR_7569126821,2025-03-22 05:33:04.381000,15.33,41,146,126,32,57,62,154,1,24,69,Red,0.7030194997787476,0.29698050022125244
KR_7569068572,2025-03-22 04:37:39.463000,27.95,36,68,35,32,163,46,154,111,141,114,Red,0.7027518153190613,0.2972481846809387
KR_7568767852,2025-03-21 17:59:35.562000,38.95,21,70,35,52,97,96,64,93,152,98,Blue,0.5389991402626038,0.46100085973739624
KR_7568742179,2025-03-21 17:19:42.136000,26.7,107,64,111,134,98,39,68,79,10,57,Red,0.2652704119682312,0.7347295880317688
KR_7565515320,2025-03-18 17:53:07.116000,27.68,51,129,155,28,88,5,104,164,32,57,Red,0.708006739616394,0.29199326038360596
KR_7565495150,2025-03-18 17:11:48.272000,34.65,0,26,160,32,98,5,104,129,55,88,Blue,0.7652809023857117,0.23471909761428833
KR_7563440302,2025-03-16 17:20:14.436000,15.28,54,25,111,141,128,38,146,13,134,30,Red,0.9947301149368286,0.005269885063171387
KR_7571663681,2025-03-23 16:44:27.648000,28.72,65,85,35,52,88,5,68,67,55,69,Blue,0.11274249106645584,0.8872575089335442
KR_7570218391,2025-03-22 16:59:32.528000,15.3,41,146,26,52,88,62,85,148,32,18,Red,0.8145050406455994,0.18549495935440063
KR_7568788977,2025-03-21 18:33:13.361000,26.02,34,104,13,32,88,41,98,35,53,14,Blue,0.23525826632976532,0.7647417336702347
KR_7568732692,2025-03-21 17:14:16.394000,27.85,110,146,111,32,57,34,113,156,24,74,Red,0.5652450919151306,0.4347549080848694
KR_7569263845,2025-03-22 07:16:24.550000,18.83,41,68,160,121,73,62,146,2,32,124,Blue,0.15482613444328308,0.8451738655567169
KR_7569201792,2025-03-22 06:29:50.892000,25.4,34,90,85,55,105,51,108,35,152,89,Blue,0.7799193263053894,0.2200806736946106
KR_7569158205,2025-03-22 05:53:26.772000,29.57,36,160,148,141,69,5,68,12,32,98,Blue,0.3933012783527374,0.6066987216472626
KR_7569094853,2025-03-22 05:04:23.434000,36.77,36,85,164,32,4,108,147,12,134,98,Blue,0.4393649995326996,0.5606350004673004
KR_7566278094,2025-03-19 13:41:06.160000,31.07,46,97,145,32,114,5,29,100,52,89,Blue,0.6526319980621338,0.3473680019378662
KR_7571470188,2025-03-23 14:03:16.166000,16.9,41,70,85,28,105,149,147,129,96,114,Red,0.24208803474903107,0.7579119652509689
KR_7571317558,2025-03-23 12:41:38.721000,34.07,94,41,35,24,33,5,6,123,141,4,Red,0.7033935189247131,0.29660648107528687
KR_7570261985,2025-03-22 17:48:34.109000,30.5,0,47,13,53,69,111,165,134,141,106,Blue,0.12276429682970047,0.8772357031702995
KR_7570214165,2025-03-22 16:56:24.408000,29.78,157,146,129,24,102,156,25,148,121,4,Blue,0.24540285766124725,0.7545971423387527
KR_7568803152,2025-03-21 18:44:41.969000,27.33,41,147,12,32,18,21,64,35,72,86,Blue,0.041569117456674576,0.9584308825433254
KR_7567403542,2025-03-20 14:56:49.717000,15.18,51,30,3,134,39,94,90,111,32,4,Red,0.4584261476993561,0.5415738523006439
KR_7567359570,2025-03-20 14:25:55.387000,15.6,0,165,134,32,114,101,122,1,141,110,Blue,0.5545480847358704,0.44545191526412964
KR_7567312290,2025-03-20 13:52:51.055000,18.42,119,90,72,32,67,62,68,111,55,133,Red,0.3662434220314026,0.6337565779685974
KR_7566523643,2025-03-19 17:33:24.609000,27.1,110,78,123,52,57,134,97,111,28,102,Red,0.36438387632369995,0.6356161236763
KR_7566503785,2025-03-19 17:01:39.414000,22.63,50,27,134,32,18,41,78,24,55,115,Red,0.6169767379760742,0.3830232620239258
KR_7558244781,2025-03-12 17:36:10.887000,26.43,21,147,95,32,57,111,165,24,55,88,Blue,0.4689403772354126,0.5310596227645874
KR_7558230601,2025-03-12 17:03:19.104000,16.52,38,68,12,79,102,141,90,160,10,98,Red,0.716435432434082,0.28356456756591797
KR_7558159494,2025-03-12 15:35:27.416000,26.5,57,146,1,141,30,110,92,95,32,88,Red,0.412207692861557,0.587792307138443
KR_7558123199,2025-03-12 15:03:07.650000,21.9,156,25,57,161,4,0,122,12,134,105,Red,0.9188552498817444,0.08114475011825562
KR_7557276938,2025-03-11 17:54:55.563000,19.83,51,97,13,32,77,5,146,12,55,57,Red,0.3666471838951111,0.6333528161048889
KR_7562046040,2025-03-15 20:10:45.370000,20.18,134,33,156,32,16,21,64,17,55,125,Blue,0.4900726079940796,0.5099273920059204
KR_7561958955,2025-03-15 17:47:13.834000,28.35,109,90,5,32,4,149,147,1,121,98,Blue,0.21539561450481415,0.7846043854951859
KR_7561940723,2025-03-15 17:25:31.809000,15.27,46,160,111,32,89,51,29,134,10,57,Blue,0.5108386278152466,0.4891613721847534
KR_7561829976,2025-03-15 16:03:46.271000,15.72,0,25,13,24,99,5,165,160,134,97,Blue,0.474086195230484,0.525913804769516
KR_7561773818,2025-03-15 15:31:42.809000,15.8,107,90,24,32,4,51,70,5,52,105,Blue,0.5272030830383301,0.4727969169616699
KR_7571689007,2025-03-23 17:14:24.432000,30.43,5,61,153,53,133,41,146,111,81,102,Red,0.7672839760780334,0.23271602392196655
KR_7571650887,2025-03-23 16:31:18.308000,32.37,146,68,1,53,73,142,85,12,72,105,Red,0.5098505616188049,0.49014943838119507
KR_7571587221,2025-03-23 15:19:56.892000,27.57,132,146,85,55,99,22,98,164,32,143,Red,0.9646947979927063,0.0353052020072937
KR_7571460137,2025-03-23 13:57:16.493000,25.92,2,68,35,141,57,41,146,109,10,99,Red,0.8033216595649719,0.19667834043502808
KR_7570975091,2025-03-23 09:10:44.032000,27.2,45,68,85,142,4,12,92,35,91,105,Red,0.9850468635559082,0.014953136444091797
KR_7571567793,2025-03-23 15:08:37.287000,35.23,34,98,13,32,39,107,58,85,28,99,Red,0.3478148877620697,0.6521851122379303
KR_7571530267,2025-03-23 14:40:22.099000,15.17,25,108,13,24,114,131,41,5,141,30,Red,0.5663101077079773,0.4336898922920227
KR_7571503720,2025-03-23 14:25:24.085000,1.77,21,85,95,141,102,149,146,67,32,114,Blue,0.28131070733070374,0.7186892926692963
KR_7570955540,2025-03-23 08:59:55.662000,37.72,94,33,137,52,57,159,47,72,134,115,Red,0.6196953654289246,0.38030463457107544
KR_7569312686,2025-03-22 07:50:02.996000,22.48,2,146,130,55,4,41,82,60,155,97,Blue,0.299251526594162,0.700748473405838
KR_7569266732,2025-03-22 07:19:31.565000,22.8,65,130,148,32,69,159,98,156,72,57,Red,0.16285410523414612,0.8371458947658539
KR_7563887716,2025-03-17 09:48:53.380000,24.13,5,165,155,52,14,0,15,26,32,97,Blue,0.5461872220039368,0.45381277799606323
KR_7563859705,2025-03-17 09:16:39.264000,16.57,5,129,156,32,105,124,68,26,134,102,Red,0.14860549569129944,0.8513945043087006
KR_7560131097,2025-03-14 14:16:10.670000,15.28,51,92,39,55,105,151,31,155,32,30,Blue,0.008456363342702389,0.9915436366572976
KR_7571603006,2025-03-23 15:32:41.753000,15.22,51,70,156,141,88,151,64,137,52,97,Red,0.7296256422996521,0.2703743577003479
KR_7571546106,2025-03-23 14:48:34.020000,33.12,41,85,95,81,4,2,160,12,141,105,Red,0.20581622421741486,0.7941837757825851
KR_7570339445,2025-03-22 19:58:18.765000,18.33,22,82,155,32,4,47,85,145,24,105,Red,0.6806266903877258,0.31937330961227417
KR_7571281482,2025-03-23 12:24:04.794000,23.47,98,68,137,141,114,120,25,148,72,124,Blue,0.44615137577056885,0.5538486242294312
KR_7569834202,2025-03-22 13:25:55.514000,15.25,41,85,12,32,102,54,129,95,24,4,Red,0.5853996872901917,0.41460031270980835
KR_7569764619,2025-03-22 12:52:53.227000,23.0,151,104,149,141,30,0,85,44,20,88,Blue,0.010347852483391762,0.9896521475166082
KR_7569688187,2025-03-22 12:10:03.794000,28.0,73,82,95,10,18,120,147,13,134,16,Blue,0.2759573459625244,0.7240426540374756
KR_7567832382,2025-03-21 06:20:13.052000,39.82,36,147,12,32,4,111,146,71,55,77,Blue,0.4368196129798889,0.5631803870201111
KR_7567815128,2025-03-21 05:53:29.545000,16.37,36,146,26,32,98,77,160,71,55,102,Blue,0.08091656863689423,0.9190834313631058
KR_7566760356,2025-03-20 05:25:47.748000,21.47,96,146,13,9,124,36,40,126,53,133,Blue,0.8557978868484497,0.1442021131515503
KR_7565765921,2025-03-19 06:20:30.883000,40.43,98,97,129,81,57,54,147,111,32,114,Red,0.5284460783004761,0.4715539216995239
KR_7571669873,2025-03-23 16:55:29.146000,29.07,41,70,85,134,88,2,104,164,141,114,Blue,0.5167942047119141,0.48320579528808594
KR_7571639405,2025-03-23 16:13:36.510000,16.35,5,85,111,141,114,0,150,126,121,57,Red,0.6696251630783081,0.3303748369216919
KR_7571607958,2025-03-23 15:43:01.632000,15.3,41,68,126,121,4,38,85,111,32,69,Blue,0.4621814489364624,0.5378185510635376
KR_7571438266,2025-03-23 13:44:32.502000,17.45,46,159,156,44,4,25,146,2,24,102,Blue,0.2647419571876526,0.7352580428123474
KR_7571712598,2025-03-23 18:12:39.383000,20.72,34,104,156,11,69,45,64,26,141,98,Blue,0.0021034369710832834,0.9978965630289167
KR_7571779111,2025-03-23 23:00:28.284000,39.37,149,82,12,72,73,122,147,126,55,89,Red,0.5320644378662109,0.46793556213378906
KR_7571767497,2025-03-23 21:52:58.241000,41.03,116,58,51,121,4,54,70,156,32,57,Red,0.2057969868183136,0.7942030131816864
KR_7571758216,2025-03-23 20:43:02.148000,27.33,113,42,111,32,57,38,92,12,53,131,Red,0.6604374051094055,0.3395625948905945
KR_7571678966,2025-03-23 17:10:47.600000,22.98,136,90,126,28,88,54,92,95,141,106,Blue,0.04731136932969093,0.9526886306703091
KR_7566863169,2025-03-20 07:42:53.950000,32.38,97,165,72,32,16,50,98,29,20,74,Blue,0.09368039667606354,0.9063196033239365
KR_7565823595,2025-03-19 07:24:55.207000,27.2,5,110,148,81,105,111,146,156,141,98,Red,0.46138378977775574,0.5386162102222443
KR_7565677791,2025-03-19 04:18:54.297000,15.27,151,5,2,55,89,38,85,137,52,30,Blue,0.48578739166259766,0.5142126083374023
KR_7565662952,2025-03-19 03:47:14.755000,21.35,51,41,44,24,97,151,85,35,141,102,Blue,0.6994312405586243,0.30056875944137573
KR_7571052985,2025-03-23 10:10:29.975000,18.55,156,70,85,134,98,5,146,2,161,102,Blue,0.3701781630516052,0.6298218369483948
KR_7568532034,2025-03-21 14:55:40.765000,40.62,41,130,13,52,14,50,97,57,55,99,Blue,0.11013336479663849,0.8898666352033615
KR_7568571132,2025-03-21 15:16:54.051000,37.78,92,147,35,55,89,110,146,156,52,57,Red,0.06487362086772919,0.9351263791322708
KR_7567522821,2025-03-20 16:53:25.687000,28.37,39,160,41,52,89,50,64,26,55,4,Red,0.5387979745864868,0.4612020254135132
KR_7570666542,2025-03-23 05:43:57.045000,15.23,5,147,12,9,133,21,100,1,10,163,Red,0.43822041153907776,0.5617795884609222
KR_7570565732,2025-03-23 04:21:57.316000,28.97,41,147,29,28,4,110,85,46,52,89,Blue,0.3185097575187683,0.6814902424812317
KR_7562898144,2025-03-16 11:18:55.898000,16.48,151,165,1,32,57,5,25,127,10,18,Blue,0.21715699136257172,0.7828430086374283
KR_7557154618,2025-03-11 15:12:07.818000,30.48,39,146,129,10,114,110,64,12,161,125,Blue,0.4833711087703705,0.5166288912296295
KR_7571751030,2025-03-23 19:59:12.844000,28.02,41,104,35,152,102,50,146,153,55,105,Blue,0.1421138346195221,0.8578861653804779
KR_7571738453,2025-03-23 19:20:35.816000,31.85,107,64,35,11,89,62,5,153,55,99,Blue,0.1659233123064041,0.8340766876935959
KR_7571727281,2025-03-23 18:36:56.786000,32.42,5,147,29,32,57,107,154,71,10,98,Red,0.4368140399456024,0.5631859600543976
KR_7571702844,2025-03-23 17:56:06.099000,30.73,5,129,1,24,102,41,85,71,20,89,Blue,0.08436370640993118,0.9156362935900688
KR_7571792104,2025-03-24 00:11:55.830000,22.43,145,40,67,32,124,5,93,149,72,80,Red,0.7108164429664612,0.2891835570335388
KR_7566664355,2025-03-20 02:19:52.480000,23.47,156,58,13,52,114,51,68,111,55,18,Blue,0.6794458627700806,0.32055413722991943
KR_7566654068,2025-03-20 01:45:04.254000,25.63,156,58,126,134,4,132,146,1,72,57,Blue,0.13780133426189423,0.8621986657381058
KR_7566561246,2025-03-19 19:02:33.413000,25.65,41,146,13,152,102,5,85,12,55,89,Blue,0.43468910455703735,0.5653108954429626
KR_7566549206,2025-03-19 18:21:39.699000,34.82,34,147,1,24,89,107,129,100,161,73,Red,0.6960731148719788,0.30392688512802124
KR_7566522863,2025-03-19 17:37:29.769000,27.87,156,147,145,24,114,41,68,126,32,89,Blue,0.6296864748001099,0.37031352519989014
KR_7570801930,2025-03-23 07:21:08.268000,15.28,25,70,107,28,16,36,146,2,9,57,Blue,0.3075908124446869,0.6924091875553131
KR_7569354708,2025-03-22 08:20:37.662000,22.97,107,147,1,10,114,41,68,60,52,57,Red,0.2651529014110565,0.7348470985889435
KR_7569288228,2025-03-22 07:29:47.212000,28.4,51,40,137,32,57,92,147,1,121,7,Blue,0.8383322358131409,0.16166776418685913
KR_7569202034,2025-03-22 06:25:41.686000,29.4,5,130,12,32,74,92,6,13,24,16,Blue,0.7113187909126282,0.2886812090873718
KR_7564629591,2025-03-18 03:23:54.710000,37.07,51,147,71,32,114,46,130,2,141,57,Red,0.45031285285949707,0.5496871471405029
KR_7571694475,2025-03-23 17:29:58.257000,20.9,107,104,140,55,88,5,85,12,32,57,Red,0.4042545258998871,0.5957454741001129
KR_7571678247,2025-03-23 16:59:15.900000,24.82,35,40,13,52,4,159,97,161,55,39,Blue,0.6058840751647949,0.3941159248352051
KR_7571610560,2025-03-23 15:45:18.014000,27.43,41,85,129,52,114,136,154,13,55,102,Blue,0.7242195010185242,0.27578049898147583
KR_7571573190,2025-03-23 15:10:15.841000,27.82,41,165,156,32,97,51,85,13,55,69,Red,0.8259847164154053,0.17401528358459473
KR_7563216845,2025-03-16 14:07:15.620000,24.45,51,154,129,55,102,110,104,13,134,57,Red,0.6472226977348328,0.35277730226516724
KR_7563147871,2025-03-16 13:29:49.326000,27.83,51,146,2,32,114,94,47,120,55,74,Blue,0.25623852014541626,0.7437614798545837
KR_7563091432,2025-03-16 12:59:45.626000,23.25,5,41,120,9,133,110,49,149,152,102,Blue,0.1761668473482132,0.8238331526517868
KR_7563014033,2025-03-16 12:18:52.718000,27.93,50,90,100,53,105,51,92,35,52,89,Red,0.703890860080719,0.296109139919281
KR_7562052502,2025-03-15 20:45:20.916000,33.17,134,33,24,22,57,51,68,149,20,74,Blue,0.19020965695381165,0.8097903430461884
KR_7571066983,2025-03-23 10:17:31.853000,15.85,22,159,5,52,98,41,146,129,24,33,Red,0.6393369436264038,0.3606630563735962
KR_7570485397,2025-03-23 02:49:23.627000,20.53,110,68,89,141,57,38,159,126,134,74,Red,0.861327052116394,0.13867294788360596
KR_7570412283,2025-03-23 00:48:49.324000,18.9,113,159,1,53,99,22,146,12,55,114,Blue,0.39307257533073425,0.6069274246692657
KR_7570395677,2025-03-23 00:17:49.303000,15.37,156,117,159,32,98,34,41,1,161,105,Red,0.8191831707954407,0.18081682920455933
KR_7568245870,2025-03-21 12:30:20.556000,28.08,27,130,111,24,33,25,159,126,161,30,Blue,0.7087953090667725,0.29120469093322754
KR_7570117047,2025-03-22 15:48:42.069000,27.0,149,108,95,28,124,39,41,65,56,16,Red,0.8028927445411682,0.1971072554588318
KR_7570013515,2025-03-22 14:54:51.400000,29.83,54,147,149,32,88,110,146,1,121,114,Blue,0.7373634576797485,0.26263654232025146
KR_7568294987,2025-03-21 12:59:23.773000,21.23,62,64,44,52,79,5,129,149,141,88,Red,0.446258008480072,0.553741991519928
KR_7561381715,2025-03-15 12:16:14.931000,37.55,46,68,149,143,98,110,25,76,55,105,Blue,0.17028705775737762,0.8297129422426224
KR_7553955743,2025-03-09 01:46:34.875000,36.05,107,93,149,121,33,120,90,46,32,126,Blue,0.545106828212738,0.45489317178726196
KR_7567935797,2025-03-21 08:13:42.316000,15.2,140,159,46,55,102,37,58,153,134,33,Red,0.7015721201896667,0.29842787981033325
KR_7564147523,2025-03-17 12:59:25.507000,20.62,7,40,67,134,88,120,129,3,121,105,Red,0.7825135588645935,0.2174864411354065
KR_7564088904,2025-03-17 12:25:26.859000,28.98,25,15,12,32,57,37,165,156,52,39,Blue,0.778644859790802,0.221355140209198
KR_7564045814,2025-03-17 11:57:45.791000,21.97,39,15,164,20,30,37,90,156,141,73,Red,0.9019757509231567,0.09802424907684326
KR_7553079945,2025-03-08 11:19:19.424000,25.03,39,100,12,53,16,116,97,164,161,18,Blue,0.2943485677242279,0.7056514322757721
KR_7565951618,2025-03-19 09:44:03.897000,24.92,110,147,1,123,35,62,68,111,32,158,Blue,0.04951246455311775,0.9504875354468822
KR_7565886721,2025-03-19 08:33:09.439000,33.83,51,165,107,134,4,120,17,160,141,18,Blue,0.04331596568226814,0.9566840343177319
KR_7565858680,2025-03-19 08:06:54.186000,19.35,110,63,96,81,97,5,58,35,53,18,Red,0.6212120056152344,0.3787879943847656
KR_7565831345,2025-03-19 07:32:08.931000,23.72,35,41,54,161,73,110,147,155,141,88,Blue,0.16980570554733276,0.8301942944526672
KR_7565794412,2025-03-19 06:49:35.268000,28.55,110,146,12,161,35,54,85,95,28,98,Red,0.5087708234786987,0.49122917652130127
KR_7571147181,2025-03-23 11:04:23.768000,2.47,51,68,95,20,18,41,108,2,52,14,Blue,0.7213174700737,0.27868252992630005
KR_7570945530,2025-03-23 08:53:03.341000,51.98,22,68,153,28,97,41,147,12,24,18,Red,0.652094304561615,0.347905695438385
KR_7568561247,2025-03-21 15:12:07.783000,17.6,22,97,35,55,98,38,147,111,52,89,Red,0.5158383250236511,0.4841616749763489
KR_7568483239,2025-03-21 14:31:09.175000,26.03,21,97,59,32,114,51,147,35,52,126,Red,0.35017403960227966,0.6498259603977203
KR_7565024670,2025-03-18 11:20:18.993000,39.58,151,159,111,24,99,51,108,35,55,30,Red,0.562810480594635,0.437189519405365
KR_7564493320,2025-03-17 18:30:56.025000,29.03,5,25,67,141,69,38,68,13,32,57,Red,0.7636235952377319,0.23637640476226807
KR_7564468629,2025-03-17 17:35:41.166000,38.05,155,113,1,56,106,5,68,164,79,98,Red,0.9030804634094238,0.09691953659057617
KR_7564364863,2025-03-17 15:25:02.271000,21.18,51,70,156,141,88,54,47,13,32,57,Blue,0.16277039051055908,0.8372296094894409
KR_7564314238,2025-03-17 14:41:18.335000,20.1,164,159,79,123,69,51,70,72,32,114,Blue,0.6994345784187317,0.3005654215812683
KR_7571721034,2025-03-23 18:18:30.472000,28.65,109,147,2,24,143,87,70,156,72,97,Blue,0.6044031977653503,0.39559680223464966
KR_7571699586,2025-03-23 17:41:38.734000,26.55,51,33,3,52,89,98,90,156,141,57,Blue,0.44964736700057983,0.5503526329994202
KR_7571473888,2025-03-23 14:08:40.579000,25.38,98,90,89,141,57,136,165,35,28,133,Red,0.8724750876426697,0.12752491235733032
KR_7571374506,2025-03-23 13:11:00.903000,15.8,5,104,1,141,69,51,113,156,11,88,Blue,0.21072156727313995,0.78927843272686
KR_7571591921,2025-03-23 15:31:06.620000,29.93,41,70,24,53,88,5,130,148,72,4,Blue,0.7171958684921265,0.28280413150787354
KR_7571556351,2025-03-23 14:57:00.811000,21.13,5,130,89,55,18,21,113,155,23,102,Red,0.9781979322433472,0.021802067756652832
KR_7567060503,2025-03-20 11:12:10.834000,29.38,51,41,160,52,69,5,78,111,55,105,Red,0.4388355314731598,0.5611644685268402
KR_7567000569,2025-03-20 10:17:44.462000,29.1,50,30,85,52,89,41,78,126,28,106,Red,0.0930866226553917,0.9069133773446083
KR_7566963752,2025-03-20 09:41:58.741000,22.48,107,78,95,55,4,94,40,73,24,114,Blue,0.4865584373474121,0.5134415626525879
KR_7566925196,2025-03-20 08:54:15.161000,30.12,37,78,67,52,102,108,154,11,55,97,Red,0.9511643052101135,0.048835694789886475
KR_7566550879,2025-03-19 18:44:21.574000,22.5,41,68,111,55,88,51,78,129,32,35,Red,0.7623745203018188,0.23762547969818115
KR_7570720624,2025-03-23 06:25:31.530000,16.33,110,108,71,141,102,155,15,35,9,113,Blue,0.47141411900520325,0.5285858809947968
KR_7569499007,2025-03-22 10:01:56.451000,31.37,41,68,67,134,102,119,64,7,24,99,Red,0.7373449206352234,0.2626550793647766
KR_7569438125,2025-03-22 09:17:30.645000,28.02,110,146,148,32,7,54,108,149,52,57,Blue,0.2242465615272522,0.7757534384727478
KR_7569384817,2025-03-22 08:42:14.514000,20.03,34,25,7,141,57,41,85,136,52,14,Red,0.8950356245040894,0.10496437549591064
KR_7569336892,2025-03-22 08:09:40.326000,26.13,41,147,156,141,77,38,97,145,81,7,Blue,0.6113743782043457,0.3886256217956543
KR_7568567035,2025-03-21 15:13:48.379000,26.82,46,26,155,134,18,25,92,2,11,4,Red,0.6616333723068237,0.33836662769317627
KR_7568481727,2025-03-21 14:31:47.080000,24.87,0,90,51,24,105,34,26,72,81,102,Red,0.5577789545059204,0.4422210454940796
KR_7568109385,2025-03-21 10:55:10.484000,25.75,136,68,126,10,105,118,90,130,32,18,Blue,0.2533526122570038,0.7466473877429962
KR_7568061565,2025-03-21 10:13:28.243000,33.73,34,146,129,134,69,107,42,35,161,73,Red,0.8574056029319763,0.14259439706802368
KR_7565705116,2025-03-19 04:43:11.658000,15.22,46,90,24,44,114,51,85,67,52,30,Red,0.44365194439888,0.55634805560112
KR_7565662230,2025-03-19 03:33:03.471000,26.52,108,154,12,66,98,5,146,62,141,106,Red,0.9891006350517273,0.010899364948272705
KR_7565650155,2025-03-19 03:10:55.045000,15.43,132,58,46,56,114,39,40,1,66,33,Blue,0.22043193876743317,0.7795680612325668
KR_7565635611,2025-03-19 02:36:59.291000,16.65,156,85,148,55,99,25,154,62,53,18,Red,0.7280429601669312,0.27195703983306885
KR_7571721145,2025-03-23 18:21:47.574000,28.67,39,146,1,32,57,35,85,156,10,98,Blue,0.31864628195762634,0.6813537180423737
KR_7571683903,2025-03-23 17:19:49.637000,26.43,51,70,129,32,18,34,85,35,55,88,Blue,0.3530484735965729,0.6469515264034271
KR_7571560852,2025-03-23 15:05:51.763000,16.78,109,97,149,53,18,38,108,2,58,4,Blue,0.31736472249031067,0.6826352775096893
KR_7570293338,2025-03-22 18:24:46.651000,33.33,39,130,12,28,106,38,146,148,32,18,Blue,0.9591277241706848,0.040872275829315186
KR_7570262490,2025-03-22 17:44:03.084000,27.37,5,104,149,141,89,41,63,12,10,57,Red,0.4658850133419037,0.5341149866580963
KR_7570082554,2025-03-22 15:30:19.614000,32.92,41,146,1,52,57,62,97,148,32,114,Red,0.6710442900657654,0.3289557099342346
KR_7569469046,2025-03-22 09:39:54.712000,20.38,46,58,35,32,57,12,5,156,10,88,Red,0.2749131917953491,0.7250868082046509
KR_7569405096,2025-03-22 08:54:03.024000,27.43,54,85,1,32,48,5,98,148,10,90,Red,0.5082034468650818,0.4917965531349182
KR_7568352395,2025-03-21 13:26:59.751000,25.28,12,97,44,134,99,110,42,79,55,98,Red,0.5286110639572144,0.47138893604278564
KR_7568265648,2025-03-21 12:41:33.818000,31.52,51,63,111,141,74,41,42,35,9,73,Red,0.3449493944644928,0.6550506055355072
KR_7567996091,2025-03-21 09:08:57.886000,32.95,41,85,100,152,73,39,42,145,134,16,Blue,0.24865709245204926,0.7513429075479507
KR_7567961343,2025-03-21 08:35:04.506000,16.15,2,42,12,55,88,116,58,164,10,69,Blue,0.3292964994907379,0.6707035005092621
KR_7567904236,2025-03-21 07:37:03.225000,27.72,5,58,24,55,88,51,42,100,153,133,Red,0.7532070279121399,0.2467929720878601
KR_7564550939,2025-03-17 23:41:52.845000,24.13,116,165,95,20,62,25,42,127,9,73,Red,0.7293484807014465,0.27065151929855347
KR_7560462485,2025-03-14 18:30:19.118000,35.35,21,70,71,20,89,34,147,13,56,99,Red,0.8819378018379211,0.11806219816207886
KR_7560423631,2025-03-14 17:35:54.575000,33.7,120,90,3,32,89,41,165,156,56,110,Blue,0.30964434146881104,0.690355658531189
KR_7560379499,2025-03-14 16:52:16.422000,21.02,50,68,148,10,115,107,165,136,141,89,Red,0.8029137849807739,0.19708621501922607
KR_7560344970,2025-03-14 16:27:36.784000,18.13,50,165,5,141,98,46,159,156,55,4,Blue,0.3928670585155487,0.6071329414844513
KR_7570697934,2025-03-23 06:08:24.061000,29.58,39,108,89,72,18,5,29,107,28,98,Red,0.29030048847198486,0.7096995115280151
KR_7568675255,2025-03-21 16:23:17.504000,25.02,34,85,22,28,98,41,104,44,55,88,Blue,0.6780437231063843,0.3219562768936157
KR_7568612323,2025-03-21 15:41:38.835000,28.57,41,147,134,32,57,34,70,46,141,89,Blue,0.823741614818573,0.176258385181427
KR_7568473128,2025-03-21 14:25:26.238000,32.47,41,85,2,24,97,34,146,126,55,4,Red,0.616700291633606,0.38329970836639404
KR_7568129421,2025-03-21 11:11:00.353000,28.85,73,68,127,10,102,51,97,79,52,89,Blue,0.3516102135181427,0.6483897864818573
KR_7566909062,2025-03-20 08:34:15.850000,8.68,136,70,12,134,105,21,42,11,52,74,Blue,0.534024715423584,0.465975284576416
KR_7566045301,2025-03-19 11:06:34.162000,23.57,159,108,111,52,57,135,165,160,32,114,Red,0.925754725933075,0.07424527406692505
KR_7558961547,2025-03-13 13:21:41.959000,25.07,51,97,95,32,98,92,90,13,52,114,Red,0.6341493129730225,0.36585068702697754
KR_7558451538,2025-03-13 04:41:02.929000,15.17,34,146,129,141,102,149,64,29,10,106,Blue,0.07007650285959244,0.9299234971404076
KR_7568624075,2025-03-21 15:47:35.056000,23.38,110,68,153,28,89,35,82,1,32,4,Red,0.6177824139595032,0.3822175860404968
KR_7567712947,2025-03-21 03:20:49.194000,38.95,90,61,1,161,158,5,68,8,7,4,Red,0.9271466732025146,0.07285332679748535
KR_7567699456,2025-03-21 02:41:29.641000,22.87,110,97,1,53,102,54,147,5,161,88,Red,0.6517388820648193,0.34826111793518066
KR_7571572611,2025-03-23 15:13:31.016000,15.23,51,64,12,81,98,149,85,2,9,97,Blue,0.12278496474027634,0.8772150352597237
KR_7570796711,2025-03-23 07:15:39.693000,28.28,119,85,126,52,89,62,68,137,141,105,Blue,0.5795691013336182,0.42043089866638184
KR_7568250164,2025-03-21 12:29:52.404000,29.57,34,146,7,32,98,41,68,13,152,102,Red,0.5922175049781799,0.40778249502182007
KR_7560313488,2025-03-14 16:01:06.086000,18.1,51,90,79,10,18,5,40,164,53,98,Red,0.5650905966758728,0.4349094033241272
KR_7560207624,2025-03-14 14:58:48.268000,28.98,120,92,95,141,102,12,146,126,52,14,Red,0.43046051263809204,0.569539487361908
KR_7559475780,2025-03-14 05:06:20.660000,28.02,36,165,156,24,16,0,146,67,28,114,Red,0.6721351146697998,0.3278648853302002
KR_7559240698,2025-03-13 17:20:29.439000,28.83,21,70,46,79,97,0,113,156,52,88,Red,0.33639052510261536,0.6636094748973846
KR_7559209370,2025-03-13 16:31:48.779000,32.02,149,64,111,141,18,0,58,51,24,69,Blue,0.5837630033493042,0.4162369966506958
KR_7571642993,2025-03-23 16:23:27.896000,34.48,41,92,12,52,98,50,85,2,28,88,Blue,0.2608669698238373,0.7391330301761627
KR_7571620443,2025-03-23 15:53:44.836000,20.72,41,85,12,28,105,51,146,5,162,89,Red,0.6517035365104675,0.34829646348953247
KR_7569734657,2025-03-22 12:38:05.792000,38.47,12,29,123,53,105,5,58,156,32,98,Blue,0.21400509774684906,0.7859949022531509
KR_7569673560,2025-03-22 12:03:31.103000,23.23,110,146,85,55,102,51,29,35,52,163,Blue,0.3738510310649872,0.6261489689350128
KR_7568743747,2025-03-21 17:27:53.114000,33.03,50,117,111,155,114,41,146,5,123,105,Red,0.9750154614448547,0.024984538555145264
KR_7568725468,2025-03-21 17:05:38.292000,15.22,51,146,137,28,99,110,147,156,152,102,Red,0.15083302557468414,0.8491669744253159
KR_7570155409,2025-03-22 16:15:05.868000,28.63,51,146,13,141,39,5,147,127,11,4,Red,0.2589874267578125,0.7410125732421875
KR_7560443502,2025-03-14 18:00:41.192000,25.08,120,40,164,32,89,136,30,156,24,88,Blue,0.719409704208374,0.280590295791626
KR_7560415005,2025-03-14 17:20:33.446000,28.08,54,165,51,10,18,46,147,111,24,57,Blue,0.41402506828308105,0.585974931716919
KR_7560346206,2025-03-14 16:22:34.981000,40.2,62,147,13,52,57,110,68,129,32,114,Blue,0.21191264688968658,0.7880873531103134
KR_7560044772,2025-03-14 13:36:02.585000,25.63,51,150,129,32,105,54,122,12,55,88,Blue,0.30714792013168335,0.6928520798683167
KR_7559261566,2025-03-13 17:56:29.793000,21.78,54,147,13,52,115,149,146,156,55,98,Red,0.38142678141593933,0.6185732185840607
KR_7571273123,2025-03-23 12:16:23.640000,23.52,5,85,126,32,18,34,165,71,56,4,Blue,0.15304701030254364,0.8469529896974564
KR_7568703789,2025-03-21 16:48:56.698000,15.33,126,68,1,32,105,38,146,95,141,102,Red,0.6265705227851868,0.37342947721481323
KR_7568345245,2025-03-21 13:22:45.293000,26.25,110,108,126,32,131,140,146,125,55,99,Red,0.5716457962989807,0.4283542037010193
KR_7568292736,2025-03-21 12:56:13.871000,15.23,0,147,137,141,69,136,68,95,32,4,Red,0.7833524346351624,0.21664756536483765
KR_7566546238,2025-03-19 18:12:43.437000,35.98,51,68,13,32,18,5,97,126,134,77,Blue,0.31620797514915466,0.6837920248508453
KR_7555167416,2025-03-09 15:46:09.928000,29.83,92,160,127,81,114,94,58,24,134,73,Red,0.7362003922462463,0.26379960775375366
KR_7570365066,2025-03-22 21:45:17.788000,33.97,110,85,155,55,124,51,29,54,141,69,Red,0.9220790863037109,0.07792091369628906
KR_7570354501,2025-03-22 21:09:45.247000,18.9,94,64,1,32,69,21,130,76,10,129,Blue,0.3149612843990326,0.6850387156009674
KR_7570336767,2025-03-22 20:03:42.836000,34.87,7,41,44,141,73,51,85,126,153,69,Blue,0.4955926835536957,0.5044073164463043
KR_7570265781,2025-03-22 17:52:20.688000,28.12,41,29,156,152,131,51,146,145,52,69,Red,0.7242991924285889,0.27570080757141113
KR_7569785695,2025-03-22 13:04:00.682000,32.95,5,68,76,32,89,159,147,51,79,88,Blue,0.452934205532074,0.547065794467926
KR_7569714490,2025-03-22 12:26:07.519000,22.65,41,113,136,134,102,51,108,126,141,57,Red,0.5581440329551697,0.4418559670448303
KR_7569664444,2025-03-22 11:57:41.449000,20.72,51,160,24,11,69,5,165,156,91,114,Blue,0.03821341320872307,0.9617865867912769
KR_7569606791,2025-03-22 11:22:51.096000,24.05,120,64,163,55,69,54,165,78,134,124,Blue,0.3620363473892212,0.6379636526107788
KR_7569081723,2025-03-22 04:50:34.820000,42.37,51,146,89,58,57,116,85,24,153,97,Red,0.4442579448223114,0.5557420551776886
KR_7567511045,2025-03-20 16:30:02.713000,24.55,110,85,89,24,126,101,64,13,55,4,Red,0.36232244968414307,0.6376775503158569
KR_7567486048,2025-03-20 16:05:00.589000,15.23,149,147,89,81,105,41,68,148,55,30,Red,0.8795892000198364,0.12041079998016357
KR_7567422134,2025-03-20 15:05:58.275000,25.37,23,146,129,10,98,97,154,1,134,18,Blue,0.00403315806761384,0.9959668419323862
KR_7566569108,2025-03-19 19:18:28.875000,15.68,154,58,136,32,114,108,42,149,24,57,Red,0.4192594289779663,0.5807405710220337
KR_7569448881,2025-03-22 09:30:43.661000,27.88,41,146,134,10,133,120,92,111,81,30,Red,0.7779807448387146,0.2220192551612854
KR_7557706970,2025-03-12 10:11:09.818000,15.87,50,70,76,142,30,38,159,111,52,57,Blue,0.2846163213253021,0.7153836786746979
KR_7552173570,2025-03-07 17:04:59.190000,32.62,111,147,148,161,102,3,68,127,55,4,Blue,0.3180064857006073,0.6819935142993927
KR_7552147466,2025-03-07 16:40:29.141000,17.68,0,159,155,162,102,34,147,126,22,114,Blue,0.5639176368713379,0.4360823631286621
KR_7551460066,2025-03-07 09:20:33.714000,20.43,51,40,126,134,98,156,68,13,32,79,Blue,0.32260164618492126,0.6773983538150787
KR_7571738593,2025-03-23 19:25:38.198000,17.77,109,104,164,24,129,107,147,126,134,73,Blue,0.10619061440229416,0.8938093855977058
KR_7571720933,2025-03-23 18:41:55.541000,34.65,110,129,3,56,99,21,104,1,72,86,Red,0.4910701811313629,0.5089298188686371
KR_7571573635,2025-03-23 15:13:17.959000,27.25,36,146,95,32,124,41,160,156,81,115,Blue,0.36578720808029175,0.6342127919197083
KR_7571300562,2025-03-23 12:34:12.490000,23.1,51,63,137,134,126,109,108,95,81,99,Blue,0.3842613697052002,0.6157386302947998
KR_7571691890,2025-03-23 17:32:50.733000,22.32,51,5,111,24,97,34,85,95,52,88,Blue,0.4890367090702057,0.5109632909297943
KR_7571691571,2025-03-23 17:26:26.560000,1.98,34,90,35,10,18,105,146,134,32,41,Blue,0.2647315263748169,0.7352684736251831
KR_7571676304,2025-03-23 16:55:03.930000,16.58,110,147,89,121,97,41,90,156,134,105,Blue,0.41720062494277954,0.5827993750572205
KR_7571805695,2025-03-24 01:16:42.652000,29.5,5,42,35,72,80,21,33,110,134,39,Blue,0.28197771310806274,0.7180222868919373
KR_7571800044,2025-03-24 00:41:17.423000,24.85,98,33,100,134,105,139,85,26,72,99,Blue,0.047322750091552734,0.9526772499084473
KR_7571786425,2025-03-23 23:46:50.189000,39.45,54,82,164,32,69,116,78,155,79,131,Blue,0.29365274310112,0.70634725689888
KR_7571308260,2025-03-23 12:35:50.054000,27.53,50,146,12,55,88,46,104,8,11,105,Red,0.8051446676254272,0.19485533237457275
KR_7571218840,2025-03-23 11:49:46.995000,30.9,54,33,130,134,88,25,40,164,24,105,Red,0.5163541436195374,0.48364585638046265
KR_7571150254,2025-03-23 11:07:58.746000,30.35,5,159,130,55,105,54,146,8,141,89,Blue,0.29281970858573914,0.7071802914142609
KR_7571094423,2025-03-23 10:32:44.321000,26.2,54,104,13,28,98,107,159,60,134,131,Blue,0.22958143055438995,0.77041856944561
KR_7568370474,2025-03-21 13:36:56.793000,23.48,21,92,130,79,33,38,85,29,32,89,Red,0.7198618054389954,0.28013819456100464
KR_7568290919,2025-03-21 12:57:00.305000,28.63,0,78,126,20,57,46,17,130,52,88,Red,0.31871357560157776,0.6812864243984222
KR_7564805420,2025-03-18 07:42:12.133000,25.03,25,68,126,134,73,116,146,12,28,89,Blue,0.5389680862426758,0.4610319137573242
KR_7564784275,2025-03-18 07:16:08.203000,15.55,12,130,156,7,99,51,146,5,162,97,Red,0.9087678790092468,0.09123212099075317
KR_7564753165,2025-03-18 06:36:47.685000,32.5,39,68,156,7,98,51,146,12,134,30,Red,0.8233346939086914,0.1766653060913086
KR_7564729450,2025-03-18 06:05:54.388000,24.42,25,64,35,24,69,46,97,129,28,18,Blue,0.49313852190971375,0.5068614780902863
KR_7564711110,2025-03-18 05:34:54.267000,24.52,51,147,13,55,88,75,154,126,32,102,Red,0.4237614870071411,0.5762385129928589
KR_7567910014,2025-03-21 07:41:30.936000,15.33,73,147,2,28,16,5,68,95,32,114,Blue,0.7773184776306152,0.22268152236938477
KR_7567874298,2025-03-21 07:06:49.471000,28.25,108,85,127,52,67,5,33,134,10,114,Blue,0.42045050859451294,0.5795494914054871
KR_7567834433,2025-03-21 06:22:58.174000,32.52,119,58,46,72,98,38,63,1,134,88,Red,0.6143463850021362,0.38565361499786377
KR_7567110505,2025-03-20 11:51:49.540000,27.33,51,39,100,134,99,65,68,126,55,88,Red,0.6393552422523499,0.36064475774765015
KR_7566082734,2025-03-19 11:40:12.461000,23.53,110,97,141,55,32,2,154,73,52,114,Red,0.5203878283500671,0.47961217164993286
KR_7563294715,2025-03-16 14:54:31.253000,37.9,38,122,76,141,105,5,68,126,24,88,Blue,0.41391417384147644,0.5860858261585236
KR_7563215495,2025-03-16 14:05:22.849000,26.02,0,154,95,24,69,21,147,129,28,57,Blue,0.3004179000854492,0.6995820999145508
KR_7563158161,2025-03-16 13:32:35.105000,15.57,98,113,95,53,18,5,68,7,55,102,Blue,0.22207902371883392,0.7779209762811661
KR_7563085549,2025-03-16 12:57:06.150000,25.47,46,130,13,7,114,38,146,59,20,74,Red,0.6855131387710571,0.31448686122894287
KR_7566526005,2025-03-19 17:26:31.826000,23.48,51,113,126,81,98,149,146,7,55,102,Red,0.22437912225723267,0.7756208777427673
KR_7566494986,2025-03-19 16:49:24.046000,29.65,50,5,13,32,35,41,130,100,161,89,Blue,0.3217732906341553,0.6782267093658447
KR_7566452977,2025-03-19 15:58:50.618000,38.97,41,68,7,32,114,92,154,44,55,97,Red,0.7923410534858704,0.20765894651412964
KR_7566409075,2025-03-19 15:10:14.381000,25.73,110,130,134,81,39,35,147,2,55,4,Blue,0.5171514749526978,0.48284852504730225
KR_7566350972,2025-03-19 14:32:51.953000,25.85,110,63,54,81,30,51,159,155,55,35,Red,0.5539674758911133,0.4460325241088867
KR_7568743819,2025-03-21 17:27:52.066000,19.13,110,68,12,24,14,54,58,85,141,57,Red,0.5610373616218567,0.4389626383781433
KR_7564419786,2025-03-17 16:20:47.298000,30.1,0,33,111,161,73,62,90,24,32,14,Red,0.682719349861145,0.317280650138855
KR_7564361060,2025-03-17 15:14:14.776000,19.28,149,64,148,141,18,136,40,44,134,73,Blue,0.6133235096931458,0.38667649030685425
KR_7570251084,2025-03-22 17:27:41.643000,16.13,2,85,129,141,69,41,98,13,32,18,Blue,0.5977540612220764,0.4022459387779236
KR_7570175248,2025-03-22 16:27:02.642000,24.17,41,108,13,52,57,54,85,12,141,88,Red,0.4177079498767853,0.5822920501232147
KR_7568870385,2025-03-21 23:39:48.477000,19.07,98,41,156,141,99,94,147,129,55,102,Blue,0.7052902579307556,0.2947097420692444
KR_7568856701,2025-03-21 22:57:10.554000,30.02,163,42,34,161,73,132,113,164,134,158,Blue,0.0038350021932274103,0.9961649978067726
KR_7552525447,2025-03-08 04:35:44.857000,36.73,111,68,160,32,128,2,147,29,55,133,Red,0.9381936192512512,0.06180638074874878
KR_7552489069,2025-03-08 03:51:44.646000,29.13,75,93,123,53,73,65,165,125,20,57,Red,0.05430659279227257,0.9456934072077274
KR_7552446337,2025-03-08 03:05:20.038000,24.8,28,100,111,141,18,54,42,148,9,133,Blue,0.2468157857656479,0.7531842142343521
KR_7571670668,2025-03-23 16:54:48.913000,26.65,34,70,85,81,14,51,147,13,96,114,Blue,0.41808757185935974,0.5819124281406403
KR_7571714015,2025-03-23 18:01:40.510000,15.23,51,47,1,32,14,5,122,59,52,102,Red,0.9571608304977417,0.0428391695022583
KR_7571698311,2025-03-23 17:33:01.389000,15.18,65,85,126,55,102,50,70,156,141,4,Blue,0.20876893401145935,0.7912310659885406
KR_7571557877,2025-03-23 15:01:13.104000,55.77,41,104,12,81,89,5,68,35,141,30,Red,0.533778727054596,0.46622127294540405
KR_7571471118,2025-03-23 14:03:21.077000,30.48,119,146,13,141,89,41,147,126,10,99,Blue,0.1898042857646942,0.8101957142353058
KR_7567552072,2025-03-20 17:27:24.787000,28.67,34,41,51,134,4,5,146,126,141,89,Red,0.703988790512085,0.29601120948791504
KR_7559226036,2025-03-13 16:48:24.687000,22.85,62,147,8,77,114,51,165,24,52,69,Blue,0.5191994905471802,0.4808005094528198
KR_7558495445,2025-03-13 05:55:22.265000,35.97,0,68,95,52,30,73,130,2,53,105,Blue,0.2672576606273651,0.7327423393726349
KR_7558473084,2025-03-13 05:15:37.128000,27.98,110,150,12,141,128,73,146,129,121,102,Red,0.9576334953308105,0.04236650466918945
KR_7558449749,2025-03-13 04:42:14.028000,26.85,98,68,44,32,57,73,90,51,134,14,Blue,0.7536992430686951,0.24630075693130493
KR_7571721360,2025-03-23 18:27:20.839000,22.33,41,147,126,141,98,142,154,44,32,4,Blue,0.5100077986717224,0.4899922013282776
KR_7559900287,2025-03-14 12:09:13.766000,25.43,110,68,71,32,102,54,165,156,141,57,Red,0.595712423324585,0.40428757667541504
KR_7558505517,2025-03-13 06:11:47.915000,15.52,51,61,149,24,57,36,42,148,20,164,Red,0.8532034158706665,0.1467965841293335
KR_7558263065,2025-03-12 18:02:59.213000,38.87,5,90,57,52,4,0,147,12,32,69,Red,0.6527228355407715,0.3472771644592285
KR_7558246199,2025-03-12 17:27:28.100000,24.1,47,104,129,52,14,0,150,126,32,57,Red,0.6851507425308228,0.31484925746917725
KR_7558222110,2025-03-12 16:48:22.756000,30.28,54,104,22,32,67,142,33,51,55,77,Blue,0.6739724278450012,0.3260275721549988
KR_7571082406,2025-03-23 10:25:44.430000,32.18,5,85,26,161,102,21,29,160,55,88,Blue,0.311324805021286,0.688675194978714
KR_7566486293,2025-03-19 16:28:55.656000,23.95,0,154,12,55,99,38,146,164,152,102,Red,0.7109414935112,0.28905850648880005
KR_7566363304,2025-03-19 14:36:01.988000,18.4,5,154,7,134,102,25,113,156,55,98,Blue,0.4254390597343445,0.5745609402656555
KR_7566323079,2025-03-19 14:07:52.926000,22.72,38,27,7,142,73,25,150,13,55,88,Blue,0.49369674921035767,0.5063032507896423
KR_7568681163,2025-03-21 16:26:29.011000,27.1,149,146,126,10,79,39,64,155,52,89,Red,0.6284700036048889,0.3715299963951111
KR_7568456551,2025-03-21 14:19:58.937000,26.45,110,104,12,142,102,83,41,51,52,99,Red,0.6767309308052063,0.3232690691947937
KR_7571626081,2025-03-23 15:54:08.846000,33.25,50,147,13,24,4,41,146,129,32,97,Red,0.5699467658996582,0.4300532341003418
KR_7571520300,2025-03-23 14:33:47.622000,24.9,109,64,35,11,98,5,92,12,52,126,Blue,0.13785988092422485,0.8621401190757751
KR_7571015000,2025-03-23 09:42:03.283000,20.07,98,68,2,152,97,140,85,73,56,89,Red,0.5088459253311157,0.4911540746688843
KR_7570965470,2025-03-23 09:06:33.824000,23.0,41,108,35,134,89,39,146,126,81,69,Red,0.5505837798118591,0.44941622018814087
KR_7570923330,2025-03-23 08:38:14.435000,15.4,51,146,35,52,99,5,159,24,9,89,Red,0.376926451921463,0.623073548078537
KR_7571518165,2025-03-23 14:30:47.478000,30.72,41,68,1,28,99,34,85,57,161,102,Blue,0.26277875900268555,0.7372212409973145
KR_7570853481,2025-03-23 07:52:55.999000,24.98,110,160,46,152,102,25,47,35,55,97,Blue,0.43227142095565796,0.567728579044342
KR_7570454721,2025-03-23 02:11:04.383000,27.15,0,70,129,52,4,116,58,95,134,102,Blue,0.2918113172054291,0.7081886827945709
KR_7565326420,2025-03-18 14:27:10.292000,32.32,39,108,95,155,114,109,160,22,52,4,Blue,0.4472682476043701,0.5527317523956299
KR_7565247468,2025-03-18 13:37:49.045000,28.23,51,41,134,55,105,120,108,164,52,39,Red,0.7383518815040588,0.26164811849594116
KR_7564914026,2025-03-18 09:38:27.302000,29.48,54,165,160,24,98,151,146,149,9,69,Blue,0.6841158270835876,0.31588417291641235
KR_7564887363,2025-03-18 09:12:46.101000,18.27,98,146,129,9,48,151,159,54,20,30,Blue,0.4158293306827545,0.5841706693172455
KR_7564394026,2025-03-17 15:45:48.106000,16.05,5,97,126,52,102,156,113,2,152,99,Blue,0.40402305126190186,0.5959769487380981
KR_7571757870,2025-03-23 21:08:50.680000,30.78,43,147,12,134,125,126,78,44,52,4,Red,0.6377072930335999,0.36229270696640015
KR_7571253758,2025-03-23 12:09:34.129000,15.52,73,147,156,28,88,96,146,1,141,18,Red,0.8012279868125916,0.19877201318740845
KR_7571095819,2025-03-23 10:37:13.887000,35.67,108,58,85,24,102,73,130,26,134,98,Blue,0.5237894058227539,0.4762105941772461
KR_7569766314,2025-03-22 12:51:54.409000,19.92,5,90,3,9,4,73,85,137,134,88,Red,0.8351995944976807,0.16480040550231934
KR_7567539563,2025-03-20 17:17:37.610000,36.97,41,147,129,55,99,5,150,2,56,98,Red,0.6253088116645813,0.3746911883354187
KR_7567521819,2025-03-20 16:51:36.106000,15.8,41,68,44,28,16,34,147,79,32,57,Blue,0.3334321677684784,0.6665678322315216
KR_7567468660,2025-03-20 15:51:28.478000,28.92,51,90,57,134,98,34,147,13,52,88,Red,0.6431574821472168,0.3568425178527832
KR_7566509597,2025-03-19 17:08:29.360000,33.0,120,97,95,55,4,111,68,164,24,16,Blue,0.2912624478340149,0.7087375521659851
KR_7570978733,2025-03-23 09:16:33.947000,15.33,51,159,126,141,18,39,130,2,24,69,Blue,0.20668727159500122,0.7933127284049988
KR_7570312719,2025-03-22 19:02:32.329000,28.42,0,104,1,10,116,51,159,109,55,77,Red,0.7644925713539124,0.23550742864608765
KR_7568537356,2025-03-21 14:59:48.407000,24.35,149,85,126,81,102,41,92,2,32,4,Red,0.6562900543212891,0.34370994567871094
KR_7567528077,2025-03-20 16:54:35.422000,15.72,41,68,5,56,89,110,98,155,32,57,Blue,0.1604166030883789,0.8395833969116211
KR_7567504238,2025-03-20 16:26:29.822000,19.38,41,113,156,32,69,38,165,134,28,4,Blue,0.6971200108528137,0.3028799891471863
KR_7571580968,2025-03-23 15:22:45.005000,15.47,38,61,111,11,114,136,146,126,52,99,Red,0.8221961855888367,0.17780381441116333
KR_7571513870,2025-03-23 14:33:07.571000,16.43,116,146,129,58,97,41,154,153,123,102,Red,0.5134425759315491,0.4865574240684509
KR_7562443506,2025-03-16 06:32:24.422000,30.15,51,58,156,81,105,54,29,22,32,57,Red,0.4265679121017456,0.5734320878982544
KR_7562391562,2025-03-16 05:57:16.637000,21.03,108,42,89,134,73,110,97,44,32,57,Blue,0.0694112554192543,0.9305887445807457
KR_7559628359,2025-03-14 08:05:42.074000,22.27,110,146,129,24,4,151,68,149,20,57,Blue,0.17341849207878113,0.8265815079212189
KR_7559588109,2025-03-14 07:21:50.931000,35.62,151,68,156,141,89,110,64,51,79,4,Blue,0.1464051753282547,0.8535948246717453
KR_7559539280,2025-03-14 06:28:43.299000,35.13,0,147,148,32,4,119,68,129,134,69,Blue,0.3610028326511383,0.6389971673488617
KR_7571651724,2025-03-23 16:29:44.551000,26.05,119,68,111,134,98,159,146,85,32,89,Blue,0.8209037184715271,0.1790962815284729
KR_7570293560,2025-03-22 18:28:28.277000,30.98,41,146,5,55,4,110,154,156,161,73,Blue,0.2172423005104065,0.7827576994895935
KR_7570257658,2025-03-22 17:39:54.731000,27.83,41,160,137,32,89,34,113,130,55,105,Blue,0.49171939492225647,0.5082806050777435
KR_7570210277,2025-03-22 16:52:36.185000,30.15,34,85,137,141,88,22,130,156,162,102,Blue,0.14439599215984344,0.8556040078401566
KR_7569650356,2025-03-22 11:48:37.278000,19.75,5,97,12,134,4,109,146,127,55,30,Red,0.9117199778556824,0.08828002214431763
KR_7568022383,2025-03-21 09:35:41.406000,33.37,25,159,137,134,97,149,146,60,55,99,Blue,0.35953792929649353,0.6404620707035065
KR_7567159887,2025-03-20 12:27:35.634000,24.7,110,68,51,79,97,13,159,160,52,80,Blue,0.43294990062713623,0.5670500993728638
KR_7566830165,2025-03-20 07:02:32.051000,28.8,120,97,13,32,89,0,159,60,52,99,Blue,0.3501264452934265,0.6498735547065735
KR_7565001866,2025-03-18 11:05:01.178000,35.85,110,146,24,32,33,51,90,156,141,30,Blue,0.6220136284828186,0.3779863715171814
KR_7571448495,2025-03-23 13:50:59.599000,15.18,110,68,126,32,74,140,33,85,141,99,Red,0.4779982268810272,0.5220017731189728
KR_7559871546,2025-03-14 11:49:58.076000,27.38,107,90,156,52,114,43,68,148,10,16,Blue,0.19119517505168915,0.8088048249483109
KR_7556728729,2025-03-11 10:16:04.080000,24.48,92,70,155,134,105,159,58,160,32,4,Blue,0.47929081320762634,0.5207091867923737
KR_7552122035,2025-03-07 16:20:20.863000,21.98,36,25,163,28,88,0,147,13,20,89,Red,0.641511857509613,0.35848814249038696
KR_7551782398,2025-03-07 13:16:01.520000,34.38,54,68,60,32,98,142,159,13,141,57,Red,0.8776394128799438,0.12236058712005615
KR_7550929090,2025-03-06 16:02:38.736000,25.97,5,58,160,141,88,107,165,155,24,69,Blue,0.47154417634010315,0.5284558236598969
KR_7569556548,2025-03-22 10:47:48.733000,35.38,34,98,44,52,57,109,147,95,134,88,Red,0.8769099116325378,0.12309008836746216
KR_7569489160,2025-03-22 09:55:56.642000,26.17,0,90,3,32,14,5,68,111,55,16,Blue,0.3972022533416748,0.6027977466583252
KR_7569249207,2025-03-22 07:01:47.440000,34.07,151,146,60,52,4,38,68,12,9,89,Blue,0.18684221804141998,0.81315778195858
KR_7570099107,2025-03-22 15:38:00.839000,23.42,5,85,35,28,99,57,92,13,141,105,Red,0.44226208329200745,0.5577379167079926
KR_7569997000,2025-03-22 14:47:00.897000,28.5,109,68,1,55,88,5,146,12,32,97,Red,0.3313711881637573,0.6686288118362427
KR_7569130605,2025-03-22 05:32:59.298000,25.33,51,85,126,141,57,41,92,160,81,77,Red,0.5317021012306213,0.46829789876937866
KR_7567546177,2025-03-20 17:22:50.843000,20.85,51,146,148,32,102,46,15,126,152,4,Blue,0.369361937046051,0.630638062953949
KR_7566490448,2025-03-19 16:38:16.548000,25.77,46,70,134,32,4,51,154,111,55,98,Blue,0.46765759587287903,0.532342404127121
KR_7566406170,2025-03-19 15:05:10.612000,43.08,51,68,13,55,57,132,146,111,32,7,Blue,0.02314232848584652,0.9768576715141535
KR_7566241001,2025-03-19 13:17:20.739000,41.7,38,146,12,32,105,50,68,111,134,7,Red,0.23213700950145721,0.7678629904985428
KR_7566186162,2025-03-19 12:42:21.958000,26.02,51,90,97,55,98,46,5,149,32,57,Blue,0.37774136662483215,0.6222586333751678
KR_7571420603,2025-03-23 13:37:26.598000,15.28,50,70,134,91,97,54,147,12,10,114,Red,0.704097330570221,0.29590266942977905
KR_7568377583,2025-03-21 13:40:55.904000,23.52,34,154,51,125,57,110,68,1,53,88,Red,0.2231607884168625,0.7768392115831375
KR_7568050617,2025-03-21 10:04:50.647000,29.8,151,146,1,81,114,62,165,5,24,98,Blue,0.41448596119880676,0.5855140388011932
KR_7567953921,2025-03-21 08:34:01.741000,16.68,119,147,13,10,97,149,50,67,32,14,Blue,0.164973184466362,0.835026815533638
KR_7569623155,2025-03-22 11:30:41.583000,32.93,34,130,129,134,4,159,147,95,55,99,Blue,0.6323577761650085,0.36764222383499146
KR_7569318684,2025-03-22 07:55:02.387000,34.43,0,147,149,32,88,156,92,148,138,14,Blue,0.2968522310256958,0.7031477689743042
KR_7569266682,2025-03-22 07:18:46.613000,28.22,5,82,1,55,33,149,147,35,20,14,Blue,0.11690279841423035,0.8830972015857697
KR_7568176560,2025-03-21 11:44:41.589000,27.57,54,92,11,148,89,110,146,35,55,105,Red,0.11138925701379776,0.8886107429862022
KR_7571547365,2025-03-23 14:50:34.996000,33.93,140,33,89,9,88,113,97,153,32,57,Red,0.7849770784378052,0.21502292156219482
KR_7571832577,2025-03-24 02:35:16.587000,16.02,83,154,35,55,88,34,29,145,134,98,Red,0.23631201684474945,0.7636879831552505
KR_7565632246,2025-03-19 02:26:47.047000,26.5,155,63,71,55,88,46,78,67,9,89,Blue,0.08717170357704163,0.9128282964229584
KR_7563577954,2025-03-17 02:22:40.471000,35.37,98,97,127,32,30,24,40,51,79,14,Red,0.38014382123947144,0.6198561787605286
KR_7563570332,2025-03-17 01:47:06.100000,28.28,119,147,137,141,8,108,165,51,32,98,Red,0.6636872291564941,0.33631277084350586
KR_7560698436,2025-03-15 03:50:26.345000,15.97,143,129,156,10,17,34,68,137,134,57,Red,0.9380745887756348,0.061925411224365234
KR_7570182288,2025-03-22 16:32:29.781000,24.98,110,104,5,141,105,51,70,137,134,4,Blue,0.46032360196113586,0.5396763980388641
KR_7570129261,2025-03-22 15:56:18.511000,25.82,51,104,1,55,88,34,113,111,32,57,Blue,0.13528579473495483,0.8647142052650452
KR_7570036422,2025-03-22 15:06:02.358000,37.27,41,146,111,52,69,51,165,136,32,4,Red,0.7886104583740234,0.21138954162597656
KR_7569953510,2025-03-22 14:25:37.722000,30.0,51,58,85,55,105,34,160,29,141,4,Blue,0.393071711063385,0.606928288936615
KR_7571457230,2025-03-23 13:55:02.292000,15.28,5,147,129,82,114,111,154,95,32,98,Blue,0.6584631204605103,0.34153687953948975
KR_7571213022,2025-03-23 11:43:15.223000,16.62,41,61,137,32,90,46,85,67,55,88,Blue,0.5878672003746033,0.41213279962539673
KR_7569892517,2025-03-22 13:55:33.886000,25.38,65,147,35,141,88,41,26,156,81,105,Blue,0.09939154237508774,0.9006084576249123
KR_7568740925,2025-03-21 17:26:39.174000,28.5,41,85,12,55,97,92,130,95,32,39,Red,0.813713550567627,0.18628644943237305
KR_7567362732,2025-03-20 14:28:43.767000,34.72,34,68,95,28,106,92,146,12,55,16,Red,0.8597877621650696,0.14021223783493042
KR_7566050044,2025-03-19 11:10:46.127000,31.13,97,58,164,55,4,92,41,24,52,98,Red,0.7149761915206909,0.2850238084793091
KR_7571592830,2025-03-23 15:31:23.279000,21.53,65,31,160,55,88,140,90,5,52,105,Red,0.9775312542915344,0.022468745708465576
KR_7568044922,2025-03-21 10:01:33.713000,25.57,41,108,13,20,73,107,40,126,52,88,Blue,0.5870376229286194,0.4129623770713806
KR_7568024057,2025-03-21 09:34:32.986000,16.37,41,98,156,141,77,51,85,126,55,105,Red,0.6912285089492798,0.3087714910507202
KR_7567339325,2025-03-20 14:12:34.355000,15.35,5,82,126,134,105,41,146,109,24,88,Red,0.9111847281455994,0.08881527185440063
KR_7566486321,2025-03-19 16:29:24.949000,32.73,41,146,100,55,16,50,108,13,32,128,Blue,0.08623996376991272,0.9137600362300873
KR_7569701304,2025-03-22 12:17:01.682000,23.87,21,104,29,53,4,151,129,3,134,88,Red,0.2961273491382599,0.7038726508617401
KR_7564481089,2025-03-17 17:52:30.858000,31.5,5,15,35,32,18,0,146,148,55,88,Red,0.5937702655792236,0.40622973442077637
KR_7570246405,2025-03-22 17:26:59.688000,26.77,38,165,156,32,14,126,64,1,161,98,Blue,0.7070478200912476,0.29295217990875244
KR_7567582206,2025-03-20 18:36:44.421000,20.83,21,85,13,32,88,94,97,2,121,89,Red,0.3718957304954529,0.6281042695045471
KR_7566297578,2025-03-19 13:54:38.844000,32.63,0,41,92,10,30,140,103,60,32,114,Blue,0.0009965284261852503,0.9990034715738147
KR_7566220883,2025-03-19 13:10:24.234000,35.57,34,98,29,152,89,92,147,12,141,114,Blue,0.5499961972236633,0.45000380277633667
KR_7566179481,2025-03-19 12:43:13.511000,15.27,25,147,111,152,102,41,63,51,134,71,Red,0.8950414657592773,0.10495853424072266
KR_7566145355,2025-03-19 12:18:59.958000,15.4,41,68,71,134,116,156,146,127,52,114,Blue,0.42306965589523315,0.5769303441047668
KR_7565452358,2025-03-18 16:14:15.568000,28.53,50,15,129,32,114,108,64,35,52,57,Blue,0.779668927192688,0.220331072807312
KR_7566098862,2025-03-19 11:52:11.822000,27.58,65,58,134,72,86,39,147,54,55,30,Red,0.9303404092788696,0.06965959072113037
KR_7566070017,2025-03-19 11:26:14.571000,15.22,41,146,130,141,18,116,147,44,28,114,Blue,0.2598572075366974,0.7401427924633026
KR_7565436776,2025-03-18 16:01:42.043000,27.0,126,165,160,32,57,21,129,156,141,69,Blue,0.4755883514881134,0.5244116485118866
KR_7564968899,2025-03-18 10:38:48.829000,48.4,140,25,126,141,88,68,147,44,24,33,Red,0.7869465351104736,0.21305346488952637
KR_7564919864,2025-03-18 09:51:26.449000,26.18,5,147,164,24,97,109,146,1,141,102,Red,0.7788795828819275,0.2211204171180725
KR_7570872756,2025-03-23 08:07:19.757000,25.97,5,68,126,134,98,119,29,156,24,88,Red,0.3274400234222412,0.6725599765777588
KR_7570803019,2025-03-23 07:16:54.587000,21.23,0,70,46,81,88,34,147,35,32,57,Blue,0.45360666513442993,0.5463933348655701
KR_7571548750,2025-03-23 14:54:46.625000,25.52,12,159,130,32,102,140,68,95,52,57,Blue,0.3241179287433624,0.6758820712566376
KR_7571237128,2025-03-23 11:56:13.130000,27.18,119,50,129,32,69,113,64,54,138,30,Blue,0.18018588423728943,0.8198141157627106
KR_7568036777,2025-03-21 09:53:56.252000,26.17,41,64,1,52,89,51,58,97,141,57,Blue,0.4012305438518524,0.5987694561481476
KR_7567871615,2025-03-21 07:07:51.313000,23.02,54,58,156,153,88,41,147,129,32,69,Red,0.7740694880485535,0.22593051195144653
KR_7566787725,2025-03-20 06:12:35.304000,22.63,5,15,8,32,99,96,58,156,53,97,Blue,0.725000262260437,0.274999737739563
KR_7566231518,2025-03-19 13:14:40.065000,35.15,5,64,35,141,106,21,90,164,52,57,Red,0.6493065357208252,0.3506934642791748
KR_7564728473,2025-03-18 06:05:01.901000,25.23,110,146,1,81,99,50,147,126,24,105,Blue,0.5895864963531494,0.4104135036468506
KR_7556609552,2025-03-11 08:05:33.260000,24.87,51,146,144,53,73,160,90,137,32,48,Blue,0.10661020874977112,0.8933897912502289
KR_7555801455,2025-03-10 11:15:32.886000,24.52,150,146,1,24,102,38,147,8,53,98,Red,0.23865492641925812,0.7613450735807419
KR_7555762445,2025-03-10 10:42:21.944000,24.57,5,147,126,134,88,0,29,39,24,105,Red,0.6285709142684937,0.37142908573150635
KR_7555701866,2025-03-10 09:50:09.648000,33.02,5,130,129,141,88,159,157,137,52,57,Red,0.5943817496299744,0.40561825037002563
KR_7567861094,2025-03-21 06:51:11.714000,29.92,41,147,116,142,30,2,42,13,52,88,Blue,0.470980167388916,0.529019832611084
KR_7567822310,2025-03-21 06:05:37.814000,31.22,96,90,5,9,133,137,146,149,141,99,Blue,0.6880919933319092,0.3119080066680908
KR_7567366972,2025-03-20 14:34:07.740000,30.97,111,147,129,134,4,46,90,26,24,105,Red,0.7011975646018982,0.2988024353981018
KR_7567289064,2025-03-20 13:38:43.373000,32.88,108,146,127,152,98,21,122,26,134,73,Blue,0.5664203763008118,0.43357962369918823
KR_7565438786,2025-03-18 16:05:44.995000,25.87,41,25,89,32,98,5,147,35,28,105,Red,0.7686201333999634,0.23137986660003662
KR_7565413172,2025-03-18 15:32:20.459000,15.65,12,146,126,32,57,110,147,1,10,30,Blue,0.44945135712623596,0.550548642873764
KR_7565360235,2025-03-18 14:50:33.744000,15.7,5,70,160,7,99,51,90,164,141,98,Red,0.7176896929740906,0.2823103070259094
KR_7565107561,2025-03-18 12:15:51.056000,25.12,107,165,99,134,105,38,159,160,55,88,Red,0.7701879739761353,0.22981202602386475
KR_7565049071,2025-03-18 11:34:04.618000,31.38,38,130,127,134,105,54,165,109,81,4,Red,0.7446051239967346,0.2553948760032654
KR_7566466862,2025-03-19 16:11:21.554000,15.17,36,27,67,141,89,0,68,35,52,99,Red,0.5666489601135254,0.4333510398864746
KR_7566126346,2025-03-19 12:05:37.031000,24.98,41,146,1,9,88,85,117,129,55,99,Blue,0.29966068267822266,0.7003393173217773
KR_7565928715,2025-03-19 09:23:17.374000,18.8,12,68,111,161,102,5,63,126,32,69,Red,0.9334323406219482,0.06656765937805176
KR_7565807944,2025-03-19 07:15:24.891000,30.23,54,78,164,32,97,107,30,160,55,88,Red,0.67221999168396,0.32778000831604004
KR_7565780366,2025-03-19 06:35:38.700000,27.65,41,117,160,55,39,38,68,111,52,4,Blue,0.6577364802360535,0.34226351976394653
KR_7569911769,2025-03-22 14:05:26.903000,29.78,109,165,130,32,88,34,70,160,55,99,Red,0.21423228085041046,0.7857677191495895
KR_7568787357,2025-03-21 18:22:53.464000,22.72,0,130,13,81,102,111,146,129,32,99,Red,0.5179672241210938,0.48203277587890625
KR_7571245686,2025-03-23 12:04:58.832000,15.67,41,5,111,55,16,159,70,85,134,133,Red,0.8332481980323792,0.16675180196762085
KR_7571637266,2025-03-23 16:06:45.260000,15.43,54,85,126,141,88,131,146,12,53,98,Red,0.5206314325332642,0.47936856746673584
KR_7567560791,2025-03-20 17:58:18.126000,33.88,51,147,13,152,4,110,146,156,55,98,Blue,0.10362324118614197,0.896376758813858
KR_7567527802,2025-03-20 17:03:11.014000,25.97,51,147,148,55,4,155,68,13,141,105,Blue,0.3434368968009949,0.6565631031990051
KR_7566602017,2025-03-19 22:15:39.682000,19.52,41,68,127,134,97,50,147,111,52,77,Blue,0.5021370053291321,0.4978629946708679
KR_7566596229,2025-03-19 21:36:41.860000,28.45,110,160,130,134,105,51,58,97,55,99,Red,0.7467901110649109,0.2532098889350891
KR_7571752778,2025-03-23 20:47:56.164000,22.53,51,58,35,55,102,111,100,17,24,133,Blue,0.042757000774145126,0.9572429992258549
KR_7569550225,2025-03-22 10:41:42.181000,28.37,62,160,35,55,105,119,130,26,152,102,Blue,0.4483501613140106,0.5516498386859894
KR_7569357967,2025-03-22 08:25:19.075000,27.73,5,42,35,161,97,65,68,67,162,105,Blue,0.24655389785766602,0.753446102142334
KR_7569296763,2025-03-22 07:40:21.054000,33.87,54,70,5,141,89,107,147,137,52,105,Red,0.30497270822525024,0.6950272917747498
KR_7570327591,2025-03-22 19:35:37.098000,36.65,5,160,1,141,57,34,90,147,10,89,Blue,0.5789355635643005,0.42106443643569946
KR_7570317168,2025-03-22 19:00:46.500000,25.93,5,97,1,32,69,34,42,126,55,105,Red,0.7053000330924988,0.2946999669075012
KR_7570280534,2025-03-22 18:07:28.231000,29.17,5,90,12,141,97,0,58,160,52,69,Blue,0.251628041267395,0.748371958732605
KR_7570245753,2025-03-22 17:29:42.767000,23.65,5,41,155,81,30,110,85,29,55,4,Blue,0.32972678542137146,0.6702732145786285
KR_7570209354,2025-03-22 16:51:56.575000,17.38,51,85,129,162,98,54,5,29,56,114,Blue,0.18983913958072662,0.8101608604192734
KR_7571165883,2025-03-23 11:20:42.304000,39.28,51,160,71,56,89,5,90,100,28,98,Red,0.8736293911933899,0.1263706088066101
KR_7566582347,2025-03-19 20:29:08.115000,32.92,0,41,7,28,69,2,42,111,52,89,Red,0.5796415209770203,0.42035847902297974
KR_7566577100,2025-03-19 19:53:16.241000,23.15,2,146,1,55,114,41,97,126,152,102,Blue,0.49472737312316895,0.505272626876831
KR_7570283984,2025-03-22 18:19:46.855000,23.47,34,146,129,55,97,51,70,111,32,4,Blue,0.5016103386878967,0.49838966131210327
KR_7569222336,2025-03-22 06:42:13.271000,15.2,22,42,85,162,105,97,147,126,55,88,Blue,0.21416515111923218,0.7858348488807678
KR_7569187277,2025-03-22 06:16:23.699000,15.72,136,147,149,43,4,0,68,126,141,39,Blue,0.8882794976234436,0.1117205023765564
KR_7569145401,2025-03-22 05:43:18.266000,16.58,5,26,155,55,105,98,154,2,28,88,Red,0.34331750869750977,0.6566824913024902
KR_7566483028,2025-03-19 16:22:00.220000,35.03,110,64,12,9,18,41,146,164,52,88,Red,0.737873375415802,0.262126624584198
KR_7565537888,2025-03-18 19:11:47.356000,29.13,21,15,8,55,99,54,146,1,53,69,Red,0.8921584486961365,0.10784155130386353
KR_7563392054,2025-03-16 16:12:13.743000,15.82,51,19,126,134,18,110,147,111,55,4,Blue,0.01004590280354023,0.9899540971964598
KR_7564630825,2025-03-18 03:30:07.987000,29.77,5,130,126,125,99,25,82,35,7,153,Red,0.20999737083911896,0.790002629160881
KR_7564601537,2025-03-18 02:17:15.366000,31.45,98,108,126,79,21,36,40,145,141,35,Blue,0.8811451196670532,0.11885488033294678
KR_7562253279,2025-03-16 04:06:39.015000,32.4,51,146,126,32,57,98,165,5,52,67,Blue,0.25053054094314575,0.7494694590568542
KR_7562166492,2025-03-16 02:24:10.718000,27.03,98,93,59,32,88,38,97,126,144,57,Blue,0.3722771108150482,0.6277228891849518
KR_7559349493,2025-03-14 00:14:13.661000,15.88,25,58,43,53,16,62,42,46,141,158,Red,0.92380291223526,0.07619708776473999
KR_7558828105,2025-03-13 11:52:33.436000,28.65,12,40,148,81,88,111,147,127,32,57,Blue,0.3046840727329254,0.6953159272670746
KR_7558774732,2025-03-13 11:17:13.950000,16.37,98,47,20,81,69,25,42,13,153,88,Red,0.9908998012542725,0.009100198745727539
KR_7557874498,2025-03-12 12:21:09.584000,45.85,22,26,155,81,105,5,154,127,141,89,Red,0.6992539167404175,0.3007460832595825
KR_7557825931,2025-03-12 11:51:02.216000,23.52,92,146,164,32,69,0,64,127,141,106,Blue,0.04854251444339752,0.9514574855566025
KR_7555855064,2025-03-10 11:50:51.674000,28.7,150,68,127,32,69,62,147,44,53,16,Blue,0.39336052536964417,0.6066394746303558
KR_7566695716,2025-03-20 03:37:10.860000,22.78,38,85,26,55,88,75,68,67,32,43,Blue,0.09527512639760971,0.9047248736023903
KR_7566652842,2025-03-20 02:02:05.137000,28.77,126,68,76,32,30,12,154,145,141,62,Red,0.8056323528289795,0.1943676471710205
KR_7566610225,2025-03-19 23:13:32.708000,1.72,34,160,1,56,10,98,165,65,32,62,Red,0.8935950994491577,0.10640490055084229
KR_7566592310,2025-03-19 21:28:09.285000,19.8,94,42,51,141,62,21,97,1,55,99,Blue,0.03171303868293762,0.9682869613170624
KR_7566581333,2025-03-19 20:28:11.370000,15.17,54,63,149,52,62,139,90,160,32,99,Blue,0.0013408017111942172,0.9986591982888058
KR_7566784589,2025-03-20 06:07:27.820000,19.42,41,93,156,32,69,107,85,126,55,88,Red,0.764738917350769,0.23526108264923096
KR_7565510601,2025-03-18 17:51:56.022000,30.2,21,40,134,162,89,25,68,149,81,67,Blue,0.36294296383857727,0.6370570361614227
KR_7565109463,2025-03-18 12:18:04.411000,30.35,51,58,156,32,89,5,70,160,24,57,Blue,0.5963062047958374,0.4036937952041626
KR_7564800265,2025-03-18 07:33:56.347000,18.57,110,42,111,141,35,34,90,5,32,89,Blue,0.3728572428226471,0.6271427571773529
KR_7569281005,2025-03-22 07:22:46.228000,31.32,5,26,155,28,88,51,58,36,152,89,Red,0.7597963213920593,0.24020367860794067
KR_7569217740,2025-03-22 06:42:06.144000,30.07,0,68,149,24,125,65,70,36,28,99,Red,0.704235851764679,0.29576414823532104
KR_7567769517,2025-03-21 04:53:55.128000,25.8,120,41,46,55,99,0,42,36,44,102,Red,0.8014562726020813,0.1985437273979187
KR_7567750041,2025-03-21 04:14:18.511000,28.67,41,70,36,32,98,46,85,13,134,73,Blue,0.5717758536338806,0.4282241463661194
KR_7570056552,2025-03-22 15:16:47.576000,26.18,51,159,100,55,102,46,82,148,24,105,Blue,0.33807915449142456,0.6619208455085754
KR_7570000872,2025-03-22 14:49:22.232000,20.87,34,130,12,9,88,107,165,100,55,105,Blue,0.8151776790618896,0.18482232093811035
KR_7555797226,2025-03-10 11:08:06.704000,31.02,126,100,75,32,14,125,39,65,10,102,Blue,0.6003825068473816,0.3996174931526184
KR_7555270076,2025-03-09 18:07:31.493000,20.13,107,58,100,134,108,50,82,126,32,128,Blue,0.007107316050678492,0.9928926839493215
KR_7552243276,2025-03-07 18:21:59.179000,36.62,120,70,100,53,57,73,108,148,32,88,Red,0.5762819051742554,0.42371809482574463
KR_7569417650,2025-03-22 09:06:48.721000,27.3,0,146,2,32,153,37,58,24,161,57,Red,0.424570769071579,0.575429230928421
KR_7568546806,2025-03-21 15:07:39.641000,18.57,5,15,126,161,39,0,146,12,28,105,Blue,0.4717901349067688,0.5282098650932312
KR_7567226455,2025-03-20 13:04:53.100000,16.42,27,85,129,52,99,0,68,12,141,73,Blue,0.8264346718788147,0.1735653281211853
KR_7564820577,2025-03-18 08:00:03.352000,18.18,27,154,1,52,33,0,146,35,134,89,Red,0.6895961761474609,0.31040382385253906
KR_7563431650,2025-03-16 17:11:37.592000,19.13,27,5,12,55,89,113,146,79,32,57,Red,0.2940003573894501,0.7059996426105499
KR_7563391921,2025-03-16 16:21:41.399000,32.77,149,97,35,32,98,5,146,13,52,14,Red,0.7318291664123535,0.2681708335876465
KR_7562006915,2025-03-15 18:55:32.575000,30.17,27,147,12,121,57,5,146,67,7,114,Red,0.4156072437763214,0.5843927562236786
KR_7563471935,2025-03-16 18:37:58.500000,20.18,5,159,137,32,114,51,25,13,141,4,Red,0.4684191644191742,0.5315808355808258
KR_7563454656,2025-03-16 17:51:47.851000,25.52,110,6,87,24,114,0,146,145,81,105,Blue,0.37188175320625305,0.628118246793747
KR_7565725485,2025-03-19 05:19:54.457000,24.65,62,147,13,52,77,111,49,130,32,57,Blue,0.027648115530610085,0.9723518844693899
KR_7565695195,2025-03-19 04:28:51.020000,22.88,68,154,12,141,106,5,90,97,134,30,Red,0.9237054586410522,0.07629454135894775
KR_7565519256,2025-03-18 18:04:19.997000,29.3,38,90,156,24,105,46,146,13,134,164,Red,0.7673016786575317,0.23269832134246826
KR_7569581676,2025-03-22 11:05:11.403000,23.67,73,19,95,32,89,65,41,51,52,33,Blue,0.07688216865062714,0.9231178313493729
KR_7568852217,2025-03-21 21:49:37.991000,27.15,151,147,62,55,102,51,146,12,141,33,Red,0.46201446652412415,0.5379855334758759
KR_7568846212,2025-03-21 21:12:54.373000,27.78,98,15,89,20,84,37,61,57,141,73,Blue,0.09921066462993622,0.9007893353700638
KR_7571633574,2025-03-23 16:08:16.416000,27.1,46,70,130,52,98,5,41,51,96,114,Red,0.5071831941604614,0.4928168058395386
KR_7561041934,2025-03-15 08:25:18.904000,14.15,51,165,100,55,8,25,29,46,134,30,Red,0.4145681858062744,0.5854318141937256
KR_7561013228,2025-03-15 08:00:47.507000,15.87,12,147,126,134,114,39,90,51,141,20,Blue,0.35257211327552795,0.647427886724472
KR_7560971267,2025-03-15 07:32:18.537000,21.7,119,146,5,134,114,140,30,156,52,97,Blue,0.1888624131679535,0.8111375868320465
KR_7560929025,2025-03-15 07:01:03.475000,15.55,149,92,1,134,97,120,146,24,162,102,Blue,0.3815120756626129,0.6184879243373871
KR_7558322043,2025-03-12 22:23:53.214000,31.2,62,92,89,91,105,51,68,126,134,102,Red,0.5705946087837219,0.4294053912162781
KR_7571654586,2025-03-23 16:31:52.318000,18.83,5,160,1,32,69,41,146,164,52,89,Blue,0.5243555307388306,0.47564446926116943
KR_7567234066,2025-03-20 13:08:16.445000,15.2,109,92,1,52,74,119,146,141,115,105,Blue,0.13328102231025696,0.866718977689743
KR_7567111348,2025-03-20 11:51:21.317000,19.22,41,68,35,55,105,5,58,160,20,74,Blue,0.08840443193912506,0.9115955680608749
KR_7566969979,2025-03-20 09:48:36.112000,24.1,120,147,12,81,89,41,68,35,10,57,Blue,0.49695155024528503,0.503048449754715
KR_7571656904,2025-03-23 16:36:40.164000,27.53,50,33,13,72,158,132,122,3,56,88,Blue,0.04932236298918724,0.9506776370108128
KR_7565367342,2025-03-18 14:55:05.952000,21.87,136,58,5,55,114,46,47,129,32,97,Blue,0.0912618339061737,0.9087381660938263
KR_7585490799,2025-04-04 17:14:48.962000,28.67,116,77,156,55,88,38,154,13,142,90,Red,0.9528831839561462,0.04711681604385376
KR_7585430740,2025-04-04 16:30:56.033000,20.75,5,146,129,141,57,0,130,1,56,89,Red,0.35496005415916443,0.6450399458408356
KR_7585340561,2025-04-04 15:38:16.107000,31.42,51,147,12,28,102,34,130,1,55,30,Red,0.7084880471229553,0.2915119528770447
KR_7585279986,2025-04-04 15:10:34.735000,18.33,110,147,129,10,105,111,68,12,32,98,Blue,0.6812558174133301,0.3187441825866699
KR_7585023072,2025-04-04 13:15:09.849000,24.6,7,68,137,141,57,54,147,1,24,89,Blue,0.6397697329521179,0.3602302670478821
KR_7592849200,2025-04-09 13:50:20.260000,15.3,155,70,46,55,98,120,29,51,52,105,Blue,0.43517765402793884,0.5648223459720612
KR_7591219967,2025-04-08 10:23:11.486000,21.85,51,85,1,24,4,41,154,130,32,88,Blue,0.27572351694107056,0.7242764830589294
KR_7590553785,2025-04-07 17:03:16.848000,46.27,34,41,24,32,97,12,146,141,161,88,Blue,0.5022261738777161,0.49777382612228394
KR_7590514479,2025-04-07 16:15:53.051000,32.05,34,98,13,152,30,41,146,129,55,88,Red,0.26619529724121094,0.7338047027587891
KR_7589588019,2025-04-07 05:17:52.670000,25.63,51,17,68,141,69,46,147,111,53,97,Red,0.9283633828163147,0.0716366171836853
KR_7591854253,2025-04-08 17:32:14.904000,25.32,34,113,129,53,128,38,98,95,32,57,Red,0.9345582723617554,0.06544172763824463
KR_7591826523,2025-04-08 16:54:40.339000,18.27,34,97,1,134,102,72,98,7,24,4,Red,0.7204940915107727,0.2795059084892273
KR_7591797881,2025-04-08 16:25:42.511000,18.47,50,159,129,55,99,120,68,126,32,57,Blue,0.4648645520210266,0.5351354479789734
KR_7591757561,2025-04-08 15:45:39.204000,24.62,51,129,7,81,4,120,82,148,32,102,Red,0.3954472243785858,0.6045527756214142
KR_7591703562,2025-04-08 15:06:46.331000,22.07,51,147,1,56,106,41,113,156,10,89,Blue,0.8134289383888245,0.18657106161117554
KR_7588173174,2025-04-06 07:05:43.870000,32.2,51,42,1,23,88,0,85,95,123,105,Blue,0.006986234337091446,0.9930137656629086
KR_7586112009,2025-04-05 06:05:30.104000,23.52,5,85,1,24,57,111,42,89,72,97,Red,0.7101923823356628,0.28980761766433716
KR_7586000166,2025-04-05 04:55:51.269000,25.62,41,97,71,11,105,151,42,36,24,89,Red,0.926395833492279,0.07360416650772095
KR_7585922615,2025-04-05 04:04:14.403000,30.8,41,42,137,81,33,50,117,95,72,35,Red,0.3397250473499298,0.6602749526500702
KR_7582861085,2025-04-03 04:44:56.536000,29.6,38,90,160,24,126,110,42,1,32,105,Red,0.38156649470329285,0.6184335052967072
KR_7591862139,2025-04-08 17:41:11.386000,27.15,51,64,35,9,73,34,68,111,32,30,Red,0.48534151911735535,0.5146584808826447
KR_7591840389,2025-04-08 17:10:32.626000,15.15,51,85,1,32,18,2,146,164,55,102,Blue,0.13868875801563263,0.8613112419843674
KR_7591800090,2025-04-08 16:20:41.435000,28.23,0,85,7,141,99,38,146,1,55,14,Red,0.7676935791969299,0.23230642080307007
KR_7593126975,2025-04-09 17:51:37.894000,25.12,94,113,136,161,4,120,85,148,32,69,Blue,0.44156020879745483,0.5584397912025452
KR_7593109059,2025-04-09 17:08:37.596000,28.1,107,146,129,141,98,36,41,156,152,4,Blue,0.3025149703025818,0.6974850296974182
KR_7593064010,2025-04-09 16:18:56.282000,29.43,7,122,156,32,39,120,154,1,24,4,Red,0.46476924419403076,0.5352307558059692
KR_7593019929,2025-04-09 15:44:19.218000,19.37,140,98,129,55,30,22,147,44,161,102,Red,0.3771767318248749,0.6228232681751251
KR_7590568991,2025-04-07 17:26:25.720000,28.63,41,82,12,121,16,116,97,13,55,30,Red,0.7705244421958923,0.22947555780410767
KR_7592940134,2025-04-09 14:41:40.729000,28.12,51,122,148,9,97,107,147,145,161,73,Blue,0.675162136554718,0.324837863445282
KR_7592393628,2025-04-09 08:53:56.907000,38.67,51,90,46,155,16,50,70,72,55,88,Red,0.8243953585624695,0.17560464143753052
KR_7592354587,2025-04-09 08:15:40.617000,24.8,46,68,126,162,69,54,147,60,81,164,Red,0.3009697198867798,0.6990302801132202
KR_7593161276,2025-04-09 18:50:00.406000,15.2,5,98,13,81,97,41,146,129,72,86,Blue,0.05024347081780434,0.9497565291821957
KR_7593146141,2025-04-09 18:12:40.614000,15.38,51,70,156,56,89,46,85,35,91,97,Red,0.3525192439556122,0.6474807560443878
KR_7593094207,2025-04-09 16:54:19.744000,28.58,27,150,1,141,4,83,154,126,32,89,Red,0.7346417307853699,0.2653582692146301
KR_7590545598,2025-04-07 16:50:04.240000,29.22,36,146,1,141,102,5,90,126,52,89,Red,0.4734370708465576,0.5265629291534424
KR_7592731163,2025-04-09 12:47:20.189000,15.98,110,130,148,32,4,120,29,95,55,99,Red,0.5541254878044128,0.44587451219558716
KR_7592631916,2025-04-09 11:55:52.428000,31.62,39,68,100,9,4,109,146,95,24,92,Red,0.968052327632904,0.03194767236709595
KR_7592588252,2025-04-09 11:22:15.294000,21.65,51,41,137,155,89,120,159,134,55,124,Blue,0.1911552995443344,0.8088447004556656
KR_7591700469,2025-04-08 15:03:36.463000,38.32,110,31,24,28,105,51,97,137,20,18,Red,0.9740349054336548,0.025965094566345215
KR_7591629226,2025-04-08 14:19:41.391000,26.23,38,97,13,52,30,126,68,95,55,105,Blue,0.388265997171402,0.611734002828598
KR_7590544053,2025-04-07 16:43:09.583000,28.98,51,41,160,79,99,110,130,129,52,4,Red,0.6034956574440002,0.39650434255599976
KR_7590494416,2025-04-07 15:58:14.121000,18.85,36,68,1,141,57,110,117,111,52,74,Blue,0.0589636005461216,0.9410363994538784
KR_7590436587,2025-04-07 15:14:30.171000,33.95,5,92,95,55,97,41,82,24,52,39,Blue,0.24467813968658447,0.7553218603134155
KR_7589697577,2025-04-07 07:16:38.346000,38.58,38,146,164,24,86,50,129,46,141,128,Red,0.6231366395950317,0.37686336040496826
KR_7593027838,2025-04-09 15:49:53.174000,17.28,51,85,1,52,97,110,146,7,32,102,Blue,0.1468532383441925,0.8531467616558075
KR_7591809246,2025-04-08 16:32:04.429000,21.55,46,82,13,141,57,107,147,29,52,30,Red,0.7078264951705933,0.29217350482940674
KR_7591781266,2025-04-08 16:06:13.511000,15.22,12,85,120,10,73,36,30,134,52,126,Blue,0.413088858127594,0.586911141872406
KR_7592306501,2025-04-09 07:30:32.327000,16.35,141,41,134,10,18,51,68,2,55,89,Blue,0.43340206146240234,0.5665979385375977
KR_7591843492,2025-04-08 17:19:11.685000,15.33,51,41,134,152,102,34,29,24,55,4,Blue,0.550165593624115,0.449834406375885
KR_7591805737,2025-04-08 16:33:53.970000,30.45,120,85,164,9,89,118,70,51,55,99,Red,0.6246001124382019,0.3753998875617981
KR_7591774146,2025-04-08 15:58:45.165000,28.28,157,154,44,32,105,34,160,164,52,102,Blue,0.13475601375102997,0.86524398624897
KR_7593150729,2025-04-09 18:36:06.603000,21.82,38,122,13,55,4,140,61,129,53,18,Blue,0.05118698999285698,0.948813010007143
KR_7593139628,2025-04-09 18:06:59.113000,15.2,111,68,1,134,88,157,90,156,32,98,Blue,0.6554487943649292,0.3445512056350708
KR_7593050728,2025-04-09 16:10:44.252000,16.52,111,68,67,81,69,5,146,13,32,4,Blue,0.8745083212852478,0.1254916787147522
KR_7593013431,2025-04-09 15:37:54.571000,23.98,5,58,126,141,98,41,147,111,121,4,Blue,0.35114139318466187,0.6488586068153381
KR_7592952340,2025-04-09 14:52:19.876000,29.03,51,90,156,55,30,120,42,13,32,57,Blue,0.6889178156852722,0.3110821843147278
KR_7585610611,2025-04-04 19:56:53.212000,24.67,35,147,134,81,102,110,40,26,10,18,Blue,0.528344988822937,0.471655011177063
KR_7585589567,2025-04-04 19:12:24.460000,33.45,116,70,155,81,97,0,147,129,79,88,Blue,0.364742249250412,0.635257750749588
KR_7585562213,2025-04-04 18:23:40.640000,29.07,5,41,97,20,57,51,70,156,32,114,Red,0.9209597706794739,0.07904022932052612
KR_7585513346,2025-04-04 17:31:34.281000,34.52,41,104,12,141,98,51,85,126,24,39,Red,0.5447534918785095,0.4552465081214905
KR_7585426412,2025-04-04 16:26:05.491000,34.7,0,113,1,52,89,34,104,126,10,106,Blue,0.2542959749698639,0.7457040250301361
KR_7593125558,2025-04-09 17:43:38.046000,16.62,51,70,156,134,39,120,147,12,55,4,Blue,0.31524717807769775,0.6847528219223022
KR_7593111394,2025-04-09 17:18:06.622000,16.25,90,154,13,141,30,157,146,129,52,4,Red,0.3825995922088623,0.6174004077911377
KR_7593080695,2025-04-09 16:42:15.185000,27.5,107,64,57,58,98,38,29,5,55,30,Red,0.7449595928192139,0.25504040718078613
KR_7593014626,2025-04-09 15:39:35.819000,30.0,157,122,1,52,98,5,146,13,55,30,Red,0.4968715012073517,0.5031284987926483
KR_7590883872,2025-04-08 04:57:51.748000,28.08,157,165,1,32,99,51,68,95,52,57,Blue,0.3637215197086334,0.6362784802913666
KR_7590444466,2025-04-07 15:20:13.888000,22.1,35,159,134,24,80,34,85,148,141,14,Red,0.9089900851249695,0.09100991487503052
KR_7590056784,2025-04-07 11:51:41.850000,19.92,41,146,13,55,102,116,147,164,52,4,Blue,0.2645152509212494,0.7354847490787506
KR_7589976355,2025-04-07 10:59:27.836000,18.6,50,25,76,32,69,149,15,73,55,97,Red,0.6172810196876526,0.3827189803123474
KR_7589882663,2025-04-07 09:56:30.444000,24.38,109,147,12,52,97,149,146,76,72,18,Blue,0.4512336254119873,0.5487663745880127
KR_7593102991,2025-04-09 17:14:06.266000,29.28,51,159,24,32,89,5,93,7,55,97,Blue,0.2377830594778061,0.7622169405221939
KR_7592704961,2025-04-09 12:37:32.927000,29.37,51,147,126,10,89,46,42,1,9,102,Red,0.325040727853775,0.674959272146225
KR_7591785124,2025-04-08 16:07:18.046000,27.97,150,85,134,55,69,141,90,156,32,77,Red,0.3303333520889282,0.6696666479110718
KR_7591720895,2025-04-08 15:20:52.231000,38.35,120,41,156,32,98,51,147,95,55,102,Blue,0.6638562083244324,0.3361437916755676
KR_7592170508,2025-04-09 05:14:48.520000,22.25,157,147,95,56,30,51,68,164,24,89,Red,0.26661550998687744,0.7333844900131226
KR_7590462378,2025-04-07 15:32:29.696000,27.03,51,68,26,9,98,110,146,1,53,133,Red,0.5363095998764038,0.4636904001235962
KR_7590404908,2025-04-07 14:55:05.237000,31.32,51,58,156,152,102,92,146,129,81,77,Blue,0.8506430387496948,0.14935696125030518
KR_7590357370,2025-04-07 14:26:04.842000,24.48,21,41,24,55,99,107,159,7,161,98,Red,0.7017408013343811,0.2982591986656189
KR_7589921294,2025-04-07 10:21:32.955000,31.08,149,146,5,134,4,34,41,39,152,102,Red,0.6421582102775574,0.3578417897224426
KR_7592904941,2025-04-09 14:26:09.297000,28.08,90,98,126,81,7,27,130,13,141,105,Red,0.5174923539161682,0.4825076460838318
KR_7592325902,2025-04-09 07:52:10.038000,20.12,116,41,156,152,98,5,154,1,55,88,Red,0.6674736142158508,0.33252638578414917
KR_7592299281,2025-04-09 07:21:21.625000,22.35,0,68,22,134,74,104,117,76,32,105,Blue,0.43348264694213867,0.5665173530578613
KR_7591890997,2025-04-08 18:52:59.062000,30.1,110,154,129,81,88,109,50,13,52,69,Red,0.8802817463874817,0.11971825361251831
KR_7591879217,2025-04-08 18:12:53.865000,19.25,62,68,123,81,105,34,41,120,32,4,Blue,0.22071325778961182,0.7792867422103882
KR_7590934573,2025-04-08 05:53:29.984000,26.08,34,85,164,55,105,50,92,127,53,89,Red,0.5921235680580139,0.4078764319419861
KR_7585836961,2025-04-05 02:54:31.812000,16.05,83,104,12,52,89,5,117,159,72,21,Blue,0.10805674642324448,0.8919432535767555
KR_7584263561,2025-04-04 04:08:37.394000,29.87,51,49,149,134,57,101,68,35,141,89,Red,0.8636021614074707,0.1363978385925293
KR_7584193466,2025-04-04 02:42:44.838000,33.67,111,15,24,55,4,39,159,156,81,89,Red,0.741985559463501,0.258014440536499
KR_7584146960,2025-04-04 01:36:52.921000,16.12,5,41,156,24,33,21,68,35,10,115,Red,0.544375479221344,0.455624520778656
